[{"model": "admin.logentry", "pk": 1, "fields": {"action_time": "2022-05-13T09:41:36.599Z", "user": 2, "content_type": 12, "object_id": "2", "object_repr": "qwert", "action_flag": 2, "change_message": "[{\"changed\": {\"fields\": [\"Owner\"]}}]"}}, {"model": "admin.logentry", "pk": 2, "fields": {"action_time": "2022-05-13T09:42:52.811Z", "user": 2, "content_type": 7, "object_id": "3", "object_repr": "Ahmed Eldawody", "action_flag": 2, "change_message": "[{\"changed\": {\"fields\": [\"First Name\"]}}]"}}, {"model": "admin.logentry", "pk": 3, "fields": {"action_time": "2022-05-13T09:44:16.345Z", "user": 2, "content_type": 12, "object_id": "2", "object_repr": "qwert", "action_flag": 2, "change_message": "[{\"changed\": {\"fields\": [\"Owner\"]}}]"}}, {"model": "admin.logentry", "pk": 4, "fields": {"action_time": "2022-05-15T16:05:30.047Z", "user": 2, "content_type": 10, "object_id": "1", "object_repr": "Technology", "action_flag": 3, "change_message": ""}}, {"model": "admin.logentry", "pk": 5, "fields": {"action_time": "2022-05-15T16:06:06.592Z", "user": 2, "content_type": 6, "object_id": "3", "object_repr": "AI", "action_flag": 3, "change_message": ""}}, {"model": "admin.logentry", "pk": 6, "fields": {"action_time": "2022-05-15T16:06:06.602Z", "user": 2, "content_type": 6, "object_id": "2", "object_repr": "Technology", "action_flag": 3, "change_message": ""}}, {"model": "admin.logentry", "pk": 7, "fields": {"action_time": "2022-05-15T16:06:06.603Z", "user": 2, "content_type": 6, "object_id": "1", "object_repr": "this is a new tag", "action_flag": 3, "change_message": ""}}, {"model": "admin.logentry", "pk": 8, "fields": {"action_time": "2022-05-15T16:07:02.430Z", "user": 2, "content_type": 7, "object_id": "9", "object_repr": "Jessica Guzman", "action_flag": 3, "change_message": ""}}, {"model": "admin.logentry", "pk": 9, "fields": {"action_time": "2022-05-15T16:07:02.433Z", "user": 2, "content_type": 7, "object_id": "1", "object_repr": "ashraff Eldawody", "action_flag": 3, "change_message": ""}}, {"model": "admin.logentry", "pk": 10, "fields": {"action_time": "2022-05-15T16:07:02.434Z", "user": 2, "content_type": 7, "object_id": "33", "object_repr": "Paul Jimenez", "action_flag": 3, "change_message": ""}}, {"model": "admin.logentry", "pk": 11, "fields": {"action_time": "2022-05-15T16:07:02.435Z", "user": 2, "content_type": 7, "object_id": "31", "object_repr": "Sandra Mccullough", "action_flag": 3, "change_message": ""}}, {"model": "admin.logentry", "pk": 12, "fields": {"action_time": "2022-05-15T16:07:02.436Z", "user": 2, "content_type": 7, "object_id": "29", "object_repr": "Michael Villarreal", "action_flag": 3, "change_message": ""}}, {"model": "admin.logentry", "pk": 13, "fields": {"action_time": "2022-05-15T16:07:02.437Z", "user": 2, "content_type": 7, "object_id": "13", "object_repr": "Adrian Mccullough", "action_flag": 3, "change_message": ""}}, {"model": "admin.logentry", "pk": 14, "fields": {"action_time": "2022-05-15T16:07:02.438Z", "user": 2, "content_type": 7, "object_id": "24", "object_repr": "Gloria Patrick", "action_flag": 3, "change_message": ""}}, {"model": "admin.logentry", "pk": 15, "fields": {"action_time": "2022-05-15T16:07:02.439Z", "user": 2, "content_type": 7, "object_id": "15", "object_repr": "David Morgan", "action_flag": 3, "change_message": ""}}, {"model": "admin.logentry", "pk": 16, "fields": {"action_time": "2022-05-15T16:07:02.439Z", "user": 2, "content_type": 7, "object_id": "10", "object_repr": "John Diaz", "action_flag": 3, "change_message": ""}}, {"model": "admin.logentry", "pk": 17, "fields": {"action_time": "2022-05-15T16:07:02.440Z", "user": 2, "content_type": 7, "object_id": "6", "object_repr": "Jason Cole", "action_flag": 3, "change_message": ""}}, {"model": "admin.logentry", "pk": 18, "fields": {"action_time": "2022-05-15T16:07:02.441Z", "user": 2, "content_type": 7, "object_id": "22", "object_repr": "Devin Neal", "action_flag": 3, "change_message": ""}}, {"model": "admin.logentry", "pk": 19, "fields": {"action_time": "2022-05-15T16:07:02.442Z", "user": 2, "content_type": 7, "object_id": "8", "object_repr": "Jessica Mullins", "action_flag": 3, "change_message": ""}}, {"model": "admin.logentry", "pk": 20, "fields": {"action_time": "2022-05-15T16:07:02.443Z", "user": 2, "content_type": 7, "object_id": "28", "object_repr": "Christopher Turner", "action_flag": 3, "change_message": ""}}, {"model": "admin.logentry", "pk": 21, "fields": {"action_time": "2022-05-15T16:07:02.444Z", "user": 2, "content_type": 7, "object_id": "5", "object_repr": "Tracy Mccarty", "action_flag": 3, "change_message": ""}}, {"model": "admin.logentry", "pk": 22, "fields": {"action_time": "2022-05-15T16:07:02.444Z", "user": 2, "content_type": 7, "object_id": "27", "object_repr": "Kelly Meyers", "action_flag": 3, "change_message": ""}}, {"model": "admin.logentry", "pk": 23, "fields": {"action_time": "2022-05-15T16:07:02.445Z", "user": 2, "content_type": 7, "object_id": "16", "object_repr": "Stephen Cervantes", "action_flag": 3, "change_message": ""}}, {"model": "admin.logentry", "pk": 24, "fields": {"action_time": "2022-05-15T16:07:02.446Z", "user": 2, "content_type": 7, "object_id": "34", "object_repr": "Robin Garcia", "action_flag": 3, "change_message": ""}}, {"model": "admin.logentry", "pk": 25, "fields": {"action_time": "2022-05-15T16:07:02.446Z", "user": 2, "content_type": 7, "object_id": "17", "object_repr": "Juan Scott", "action_flag": 3, "change_message": ""}}, {"model": "admin.logentry", "pk": 26, "fields": {"action_time": "2022-05-15T16:07:02.447Z", "user": 2, "content_type": 7, "object_id": "18", "object_repr": "Michelle Anderson", "action_flag": 3, "change_message": ""}}, {"model": "admin.logentry", "pk": 27, "fields": {"action_time": "2022-05-15T16:07:02.448Z", "user": 2, "content_type": 7, "object_id": "26", "object_repr": "Adam Boyer", "action_flag": 3, "change_message": ""}}, {"model": "admin.logentry", "pk": 28, "fields": {"action_time": "2022-05-15T16:07:02.448Z", "user": 2, "content_type": 7, "object_id": "25", "object_repr": "David Dixon", "action_flag": 3, "change_message": ""}}, {"model": "admin.logentry", "pk": 29, "fields": {"action_time": "2022-05-15T16:07:02.449Z", "user": 2, "content_type": 7, "object_id": "14", "object_repr": "Sean Valencia", "action_flag": 3, "change_message": ""}}, {"model": "admin.logentry", "pk": 30, "fields": {"action_time": "2022-05-15T16:07:02.450Z", "user": 2, "content_type": 7, "object_id": "23", "object_repr": "Brian Robinson", "action_flag": 3, "change_message": ""}}, {"model": "admin.logentry", "pk": 31, "fields": {"action_time": "2022-05-15T16:07:02.450Z", "user": 2, "content_type": 7, "object_id": "20", "object_repr": "Deanna Simpson", "action_flag": 3, "change_message": ""}}, {"model": "admin.logentry", "pk": 32, "fields": {"action_time": "2022-05-15T16:07:02.451Z", "user": 2, "content_type": 7, "object_id": "32", "object_repr": "Daniel Holt", "action_flag": 3, "change_message": ""}}, {"model": "admin.logentry", "pk": 33, "fields": {"action_time": "2022-05-15T16:07:02.452Z", "user": 2, "content_type": 7, "object_id": "11", "object_repr": "Paul Novak", "action_flag": 3, "change_message": ""}}, {"model": "admin.logentry", "pk": 34, "fields": {"action_time": "2022-05-15T16:07:02.453Z", "user": 2, "content_type": 7, "object_id": "12", "object_repr": "Juan Lyons", "action_flag": 3, "change_message": ""}}, {"model": "admin.logentry", "pk": 35, "fields": {"action_time": "2022-05-15T16:07:02.453Z", "user": 2, "content_type": 7, "object_id": "21", "object_repr": "Nicholas Rogers", "action_flag": 3, "change_message": ""}}, {"model": "admin.logentry", "pk": 36, "fields": {"action_time": "2022-05-15T16:07:02.454Z", "user": 2, "content_type": 7, "object_id": "19", "object_repr": "Mary James", "action_flag": 3, "change_message": ""}}, {"model": "admin.logentry", "pk": 37, "fields": {"action_time": "2022-05-15T16:07:02.455Z", "user": 2, "content_type": 7, "object_id": "7", "object_repr": "Kyle Choi", "action_flag": 3, "change_message": ""}}, {"model": "admin.logentry", "pk": 38, "fields": {"action_time": "2022-05-15T16:07:02.455Z", "user": 2, "content_type": 7, "object_id": "30", "object_repr": "Robyn Scott", "action_flag": 3, "change_message": ""}}, {"model": "admin.logentry", "pk": 39, "fields": {"action_time": "2022-05-15T16:08:36.912Z", "user": 2, "content_type": 7, "object_id": "40", "object_repr": "Sara Jenkins", "action_flag": 3, "change_message": ""}}, {"model": "admin.logentry", "pk": 40, "fields": {"action_time": "2022-05-15T16:08:36.915Z", "user": 2, "content_type": 7, "object_id": "39", "object_repr": "Michael Johnson", "action_flag": 3, "change_message": ""}}, {"model": "admin.logentry", "pk": 41, "fields": {"action_time": "2022-05-15T16:08:36.916Z", "user": 2, "content_type": 7, "object_id": "43", "object_repr": "Lawrence Wise", "action_flag": 3, "change_message": ""}}, {"model": "admin.logentry", "pk": 42, "fields": {"action_time": "2022-05-15T16:08:36.917Z", "user": 2, "content_type": 7, "object_id": "36", "object_repr": "Angela Hoffman", "action_flag": 3, "change_message": ""}}, {"model": "admin.logentry", "pk": 43, "fields": {"action_time": "2022-05-15T16:08:36.917Z", "user": 2, "content_type": 7, "object_id": "45", "object_repr": "Andrew Beasley", "action_flag": 3, "change_message": ""}}, {"model": "admin.logentry", "pk": 44, "fields": {"action_time": "2022-05-15T16:08:36.918Z", "user": 2, "content_type": 7, "object_id": "41", "object_repr": "Joseph Cox", "action_flag": 3, "change_message": ""}}, {"model": "admin.logentry", "pk": 45, "fields": {"action_time": "2022-05-15T16:08:36.919Z", "user": 2, "content_type": 7, "object_id": "42", "object_repr": "Jacob Andrews", "action_flag": 3, "change_message": ""}}, {"model": "admin.logentry", "pk": 46, "fields": {"action_time": "2022-05-15T16:08:36.919Z", "user": 2, "content_type": 7, "object_id": "35", "object_repr": "Devin House", "action_flag": 3, "change_message": ""}}, {"model": "admin.logentry", "pk": 47, "fields": {"action_time": "2022-05-15T16:08:36.920Z", "user": 2, "content_type": 7, "object_id": "48", "object_repr": "Lisa Arnold", "action_flag": 3, "change_message": ""}}, {"model": "admin.logentry", "pk": 48, "fields": {"action_time": "2022-05-15T16:08:36.920Z", "user": 2, "content_type": 7, "object_id": "47", "object_repr": "Robert Brown", "action_flag": 3, "change_message": ""}}, {"model": "admin.logentry", "pk": 49, "fields": {"action_time": "2022-05-15T16:08:36.921Z", "user": 2, "content_type": 7, "object_id": "38", "object_repr": "Gina Snyder", "action_flag": 3, "change_message": ""}}, {"model": "admin.logentry", "pk": 50, "fields": {"action_time": "2022-05-15T16:08:36.921Z", "user": 2, "content_type": 7, "object_id": "37", "object_repr": "Heather Welch", "action_flag": 3, "change_message": ""}}, {"model": "admin.logentry", "pk": 51, "fields": {"action_time": "2022-05-15T16:08:36.922Z", "user": 2, "content_type": 7, "object_id": "44", "object_repr": "John Mcclure", "action_flag": 3, "change_message": ""}}, {"model": "admin.logentry", "pk": 52, "fields": {"action_time": "2022-05-15T16:08:36.922Z", "user": 2, "content_type": 7, "object_id": "46", "object_repr": "David Pruitt", "action_flag": 3, "change_message": ""}}, {"model": "admin.logentry", "pk": 53, "fields": {"action_time": "2022-05-15T16:08:36.923Z", "user": 2, "content_type": 7, "object_id": "49", "object_repr": "Kayla Kidd", "action_flag": 3, "change_message": ""}}, {"model": "admin.logentry", "pk": 54, "fields": {"action_time": "2022-05-15T16:09:10.739Z", "user": 2, "content_type": 10, "object_id": "2", "object_repr": "Art", "action_flag": 1, "change_message": "[{\"added\": {}}]"}}, {"model": "admin.logentry", "pk": 55, "fields": {"action_time": "2022-05-15T16:09:22.919Z", "user": 2, "content_type": 10, "object_id": "3", "object_repr": "Music", "action_flag": 1, "change_message": "[{\"added\": {}}]"}}, {"model": "admin.logentry", "pk": 56, "fields": {"action_time": "2022-05-15T16:09:31.085Z", "user": 2, "content_type": 10, "object_id": "4", "object_repr": "Film", "action_flag": 1, "change_message": "[{\"added\": {}}]"}}, {"model": "admin.logentry", "pk": 57, "fields": {"action_time": "2022-05-15T16:09:47.159Z", "user": 2, "content_type": 10, "object_id": "5", "object_repr": "Games", "action_flag": 1, "change_message": "[{\"added\": {}}]"}}, {"model": "admin.logentry", "pk": 58, "fields": {"action_time": "2022-05-15T16:10:15.262Z", "user": 2, "content_type": 10, "object_id": "6", "object_repr": "Comics & Animation", "action_flag": 1, "change_message": "[{\"added\": {}}]"}}, {"model": "admin.logentry", "pk": 59, "fields": {"action_time": "2022-05-15T16:24:06.285Z", "user": 2, "content_type": 6, "object_id": "4", "object_repr": "Tech", "action_flag": 1, "change_message": "[{\"added\": {}}]"}}, {"model": "admin.logentry", "pk": 60, "fields": {"action_time": "2022-05-15T16:24:29.781Z", "user": 2, "content_type": 12, "object_id": "2", "object_repr": "Lorem Ipsum", "action_flag": 1, "change_message": "[{\"added\": {}}]"}}, {"model": "admin.logentry", "pk": 61, "fields": {"action_time": "2022-05-15T17:24:19.392Z", "user": 2, "content_type": 12, "object_id": "3", "object_repr": "Neque porro quisquam est qui dolorem ipsum quia dolor sit amet, consectetur, adipisci velit", "action_flag": 3, "change_message": ""}}, {"model": "admin.logentry", "pk": 62, "fields": {"action_time": "2022-05-15T17:24:19.396Z", "user": 2, "content_type": 12, "object_id": "2", "object_repr": "Lorem Ipsum", "action_flag": 3, "change_message": ""}}, {"model": "admin.logentry", "pk": 63, "fields": {"action_time": "2022-05-15T17:40:44.125Z", "user": 2, "content_type": 12, "object_id": "3", "object_repr": "Neque porro quisquam est qui dolorem ipsum quia dolor sit amet, consectetur, adipisci velit", "action_flag": 3, "change_message": ""}}, {"model": "admin.logentry", "pk": 64, "fields": {"action_time": "2022-05-15T17:40:44.130Z", "user": 2, "content_type": 12, "object_id": "2", "object_repr": "Lorem Ipsum", "action_flag": 3, "change_message": ""}}, {"model": "admin.logentry", "pk": 65, "fields": {"action_time": "2022-05-15T17:42:20.627Z", "user": 2, "content_type": 6, "object_id": "5", "object_repr": "art", "action_flag": 1, "change_message": "[{\"added\": {}}]"}}, {"model": "admin.logentry", "pk": 66, "fields": {"action_time": "2022-05-15T17:42:26.905Z", "user": 2, "content_type": 6, "object_id": "6", "object_repr": "comics", "action_flag": 1, "change_message": "[{\"added\": {}}]"}}, {"model": "admin.logentry", "pk": 67, "fields": {"action_time": "2022-05-15T17:42:31.921Z", "user": 2, "content_type": 6, "object_id": "7", "object_repr": "animations", "action_flag": 1, "change_message": "[{\"added\": {}}]"}}, {"model": "admin.logentry", "pk": 68, "fields": {"action_time": "2022-05-15T17:42:58.068Z", "user": 2, "content_type": 6, "object_id": "8", "object_repr": "cinema", "action_flag": 1, "change_message": "[{\"added\": {}}]"}}, {"model": "admin.logentry", "pk": 69, "fields": {"action_time": "2022-05-15T17:43:06.248Z", "user": 2, "content_type": 6, "object_id": "9", "object_repr": "music", "action_flag": 1, "change_message": "[{\"added\": {}}]"}}, {"model": "admin.logentry", "pk": 70, "fields": {"action_time": "2022-05-15T17:43:25.332Z", "user": 2, "content_type": 6, "object_id": "10", "object_repr": "computer", "action_flag": 1, "change_message": "[{\"added\": {}}]"}}, {"model": "admin.logentry", "pk": 71, "fields": {"action_time": "2022-05-15T17:43:30.688Z", "user": 2, "content_type": 6, "object_id": "11", "object_repr": "programming", "action_flag": 1, "change_message": "[{\"added\": {}}]"}}, {"model": "admin.logentry", "pk": 72, "fields": {"action_time": "2022-05-15T17:44:04.716Z", "user": 2, "content_type": 6, "object_id": "12", "object_repr": "website", "action_flag": 1, "change_message": "[{\"added\": {}}]"}}, {"model": "admin.logentry", "pk": 73, "fields": {"action_time": "2022-05-15T17:44:11.382Z", "user": 2, "content_type": 6, "object_id": "13", "object_repr": "company", "action_flag": 1, "change_message": "[{\"added\": {}}]"}}, {"model": "admin.logentry", "pk": 74, "fields": {"action_time": "2022-05-15T17:44:15.240Z", "user": 2, "content_type": 6, "object_id": "14", "object_repr": "startup", "action_flag": 1, "change_message": "[{\"added\": {}}]"}}, {"model": "admin.logentry", "pk": 75, "fields": {"action_time": "2022-05-15T17:44:21.293Z", "user": 2, "content_type": 6, "object_id": "15", "object_repr": "games", "action_flag": 1, "change_message": "[{\"added\": {}}]"}}, {"model": "admin.logentry", "pk": 76, "fields": {"action_time": "2022-05-15T17:51:35.111Z", "user": 2, "content_type": 12, "object_id": "7", "object_repr": "Move Reclining Liberty to Jersey City!", "action_flag": 3, "change_message": ""}}, {"model": "admin.logentry", "pk": 77, "fields": {"action_time": "2022-05-15T17:51:35.115Z", "user": 2, "content_type": 12, "object_id": "6", "object_repr": "Move Reclining Liberty to Jersey City!", "action_flag": 3, "change_message": ""}}, {"model": "admin.logentry", "pk": 78, "fields": {"action_time": "2022-05-15T17:51:35.116Z", "user": 2, "content_type": 12, "object_id": "5", "object_repr": "Move Reclining Liberty to Jersey City!", "action_flag": 3, "change_message": ""}}, {"model": "auth.permission", "pk": 1, "fields": {"name": "Can add log entry", "content_type": 1, "codename": "add_logentry"}}, {"model": "auth.permission", "pk": 2, "fields": {"name": "Can change log entry", "content_type": 1, "codename": "change_logentry"}}, {"model": "auth.permission", "pk": 3, "fields": {"name": "Can delete log entry", "content_type": 1, "codename": "delete_logentry"}}, {"model": "auth.permission", "pk": 4, "fields": {"name": "Can view log entry", "content_type": 1, "codename": "view_logentry"}}, {"model": "auth.permission", "pk": 5, "fields": {"name": "Can add permission", "content_type": 2, "codename": "add_permission"}}, {"model": "auth.permission", "pk": 6, "fields": {"name": "Can change permission", "content_type": 2, "codename": "change_permission"}}, {"model": "auth.permission", "pk": 7, "fields": {"name": "Can delete permission", "content_type": 2, "codename": "delete_permission"}}, {"model": "auth.permission", "pk": 8, "fields": {"name": "Can view permission", "content_type": 2, "codename": "view_permission"}}, {"model": "auth.permission", "pk": 9, "fields": {"name": "Can add group", "content_type": 3, "codename": "add_group"}}, {"model": "auth.permission", "pk": 10, "fields": {"name": "Can change group", "content_type": 3, "codename": "change_group"}}, {"model": "auth.permission", "pk": 11, "fields": {"name": "Can delete group", "content_type": 3, "codename": "delete_group"}}, {"model": "auth.permission", "pk": 12, "fields": {"name": "Can view group", "content_type": 3, "codename": "view_group"}}, {"model": "auth.permission", "pk": 13, "fields": {"name": "Can add content type", "content_type": 4, "codename": "add_contenttype"}}, {"model": "auth.permission", "pk": 14, "fields": {"name": "Can change content type", "content_type": 4, "codename": "change_contenttype"}}, {"model": "auth.permission", "pk": 15, "fields": {"name": "Can delete content type", "content_type": 4, "codename": "delete_contenttype"}}, {"model": "auth.permission", "pk": 16, "fields": {"name": "Can view content type", "content_type": 4, "codename": "view_contenttype"}}, {"model": "auth.permission", "pk": 17, "fields": {"name": "Can add session", "content_type": 5, "codename": "add_session"}}, {"model": "auth.permission", "pk": 18, "fields": {"name": "Can change session", "content_type": 5, "codename": "change_session"}}, {"model": "auth.permission", "pk": 19, "fields": {"name": "Can delete session", "content_type": 5, "codename": "delete_session"}}, {"model": "auth.permission", "pk": 20, "fields": {"name": "Can view session", "content_type": 5, "codename": "view_session"}}, {"model": "auth.permission", "pk": 21, "fields": {"name": "Can add tag", "content_type": 6, "codename": "add_tag"}}, {"model": "auth.permission", "pk": 22, "fields": {"name": "Can change tag", "content_type": 6, "codename": "change_tag"}}, {"model": "auth.permission", "pk": 23, "fields": {"name": "Can delete tag", "content_type": 6, "codename": "delete_tag"}}, {"model": "auth.permission", "pk": 24, "fields": {"name": "Can view tag", "content_type": 6, "codename": "view_tag"}}, {"model": "auth.permission", "pk": 25, "fields": {"name": "Can add user", "content_type": 7, "codename": "add_user"}}, {"model": "auth.permission", "pk": 26, "fields": {"name": "Can change user", "content_type": 7, "codename": "change_user"}}, {"model": "auth.permission", "pk": 27, "fields": {"name": "Can delete user", "content_type": 7, "codename": "delete_user"}}, {"model": "auth.permission", "pk": 28, "fields": {"name": "Can view user", "content_type": 7, "codename": "view_user"}}, {"model": "auth.permission", "pk": 29, "fields": {"name": "Can add rating", "content_type": 8, "codename": "add_rating"}}, {"model": "auth.permission", "pk": 30, "fields": {"name": "Can change rating", "content_type": 8, "codename": "change_rating"}}, {"model": "auth.permission", "pk": 31, "fields": {"name": "Can delete rating", "content_type": 8, "codename": "delete_rating"}}, {"model": "auth.permission", "pk": 32, "fields": {"name": "Can view rating", "content_type": 8, "codename": "view_rating"}}, {"model": "auth.permission", "pk": 33, "fields": {"name": "Can add report", "content_type": 9, "codename": "add_report"}}, {"model": "auth.permission", "pk": 34, "fields": {"name": "Can change report", "content_type": 9, "codename": "change_report"}}, {"model": "auth.permission", "pk": 35, "fields": {"name": "Can delete report", "content_type": 9, "codename": "delete_report"}}, {"model": "auth.permission", "pk": 36, "fields": {"name": "Can view report", "content_type": 9, "codename": "view_report"}}, {"model": "auth.permission", "pk": 37, "fields": {"name": "Can add category", "content_type": 10, "codename": "add_category"}}, {"model": "auth.permission", "pk": 38, "fields": {"name": "Can change category", "content_type": 10, "codename": "change_category"}}, {"model": "auth.permission", "pk": 39, "fields": {"name": "Can delete category", "content_type": 10, "codename": "delete_category"}}, {"model": "auth.permission", "pk": 40, "fields": {"name": "Can view category", "content_type": 10, "codename": "view_category"}}, {"model": "auth.permission", "pk": 41, "fields": {"name": "Can add image", "content_type": 11, "codename": "add_image"}}, {"model": "auth.permission", "pk": 42, "fields": {"name": "Can change image", "content_type": 11, "codename": "change_image"}}, {"model": "auth.permission", "pk": 43, "fields": {"name": "Can delete image", "content_type": 11, "codename": "delete_image"}}, {"model": "auth.permission", "pk": 44, "fields": {"name": "Can view image", "content_type": 11, "codename": "view_image"}}, {"model": "auth.permission", "pk": 45, "fields": {"name": "Can add project", "content_type": 12, "codename": "add_project"}}, {"model": "auth.permission", "pk": 46, "fields": {"name": "Can change project", "content_type": 12, "codename": "change_project"}}, {"model": "auth.permission", "pk": 47, "fields": {"name": "Can delete project", "content_type": 12, "codename": "delete_project"}}, {"model": "auth.permission", "pk": 48, "fields": {"name": "Can view project", "content_type": 12, "codename": "view_project"}}, {"model": "auth.permission", "pk": 49, "fields": {"name": "Can add comment", "content_type": 13, "codename": "add_comment"}}, {"model": "auth.permission", "pk": 50, "fields": {"name": "Can change comment", "content_type": 13, "codename": "change_comment"}}, {"model": "auth.permission", "pk": 51, "fields": {"name": "Can delete comment", "content_type": 13, "codename": "delete_comment"}}, {"model": "auth.permission", "pk": 52, "fields": {"name": "Can view comment", "content_type": 13, "codename": "view_comment"}}, {"model": "auth.permission", "pk": 53, "fields": {"name": "Can add donation", "content_type": 14, "codename": "add_donation"}}, {"model": "auth.permission", "pk": 54, "fields": {"name": "Can change donation", "content_type": 14, "codename": "change_donation"}}, {"model": "auth.permission", "pk": 55, "fields": {"name": "Can delete donation", "content_type": 14, "codename": "delete_donation"}}, {"model": "auth.permission", "pk": 56, "fields": {"name": "Can view donation", "content_type": 14, "codename": "view_donation"}}, {"model": "auth.permission", "pk": 57, "fields": {"name": "Can add blacklisted token", "content_type": 15, "codename": "add_blacklistedtoken"}}, {"model": "auth.permission", "pk": 58, "fields": {"name": "Can change blacklisted token", "content_type": 15, "codename": "change_blacklistedtoken"}}, {"model": "auth.permission", "pk": 59, "fields": {"name": "Can delete blacklisted token", "content_type": 15, "codename": "delete_blacklistedtoken"}}, {"model": "auth.permission", "pk": 60, "fields": {"name": "Can view blacklisted token", "content_type": 15, "codename": "view_blacklistedtoken"}}, {"model": "auth.permission", "pk": 61, "fields": {"name": "Can add outstanding token", "content_type": 16, "codename": "add_outstandingtoken"}}, {"model": "auth.permission", "pk": 62, "fields": {"name": "Can change outstanding token", "content_type": 16, "codename": "change_outstandingtoken"}}, {"model": "auth.permission", "pk": 63, "fields": {"name": "Can delete outstanding token", "content_type": 16, "codename": "delete_outstandingtoken"}}, {"model": "auth.permission", "pk": 64, "fields": {"name": "Can view outstanding token", "content_type": 16, "codename": "view_outstandingtoken"}}, {"model": "auth.permission", "pk": 65, "fields": {"name": "Can add Token", "content_type": 17, "codename": "add_token"}}, {"model": "auth.permission", "pk": 66, "fields": {"name": "Can change Token", "content_type": 17, "codename": "change_token"}}, {"model": "auth.permission", "pk": 67, "fields": {"name": "Can delete Token", "content_type": 17, "codename": "delete_token"}}, {"model": "auth.permission", "pk": 68, "fields": {"name": "Can view Token", "content_type": 17, "codename": "view_token"}}, {"model": "auth.permission", "pk": 69, "fields": {"name": "Can add token", "content_type": 18, "codename": "add_tokenproxy"}}, {"model": "auth.permission", "pk": 70, "fields": {"name": "Can change token", "content_type": 18, "codename": "change_tokenproxy"}}, {"model": "auth.permission", "pk": 71, "fields": {"name": "Can delete token", "content_type": 18, "codename": "delete_tokenproxy"}}, {"model": "auth.permission", "pk": 72, "fields": {"name": "Can view token", "content_type": 18, "codename": "view_tokenproxy"}}, {"model": "auth.permission", "pk": 73, "fields": {"name": "Can add association", "content_type": 19, "codename": "add_association"}}, {"model": "auth.permission", "pk": 74, "fields": {"name": "Can change association", "content_type": 19, "codename": "change_association"}}, {"model": "auth.permission", "pk": 75, "fields": {"name": "Can delete association", "content_type": 19, "codename": "delete_association"}}, {"model": "auth.permission", "pk": 76, "fields": {"name": "Can view association", "content_type": 19, "codename": "view_association"}}, {"model": "auth.permission", "pk": 77, "fields": {"name": "Can add code", "content_type": 20, "codename": "add_code"}}, {"model": "auth.permission", "pk": 78, "fields": {"name": "Can change code", "content_type": 20, "codename": "change_code"}}, {"model": "auth.permission", "pk": 79, "fields": {"name": "Can delete code", "content_type": 20, "codename": "delete_code"}}, {"model": "auth.permission", "pk": 80, "fields": {"name": "Can view code", "content_type": 20, "codename": "view_code"}}, {"model": "auth.permission", "pk": 81, "fields": {"name": "Can add nonce", "content_type": 21, "codename": "add_nonce"}}, {"model": "auth.permission", "pk": 82, "fields": {"name": "Can change nonce", "content_type": 21, "codename": "change_nonce"}}, {"model": "auth.permission", "pk": 83, "fields": {"name": "Can delete nonce", "content_type": 21, "codename": "delete_nonce"}}, {"model": "auth.permission", "pk": 84, "fields": {"name": "Can view nonce", "content_type": 21, "codename": "view_nonce"}}, {"model": "auth.permission", "pk": 85, "fields": {"name": "Can add user social auth", "content_type": 22, "codename": "add_usersocialauth"}}, {"model": "auth.permission", "pk": 86, "fields": {"name": "Can change user social auth", "content_type": 22, "codename": "change_usersocialauth"}}, {"model": "auth.permission", "pk": 87, "fields": {"name": "Can delete user social auth", "content_type": 22, "codename": "delete_usersocialauth"}}, {"model": "auth.permission", "pk": 88, "fields": {"name": "Can view user social auth", "content_type": 22, "codename": "view_usersocialauth"}}, {"model": "auth.permission", "pk": 89, "fields": {"name": "Can add partial", "content_type": 23, "codename": "add_partial"}}, {"model": "auth.permission", "pk": 90, "fields": {"name": "Can change partial", "content_type": 23, "codename": "change_partial"}}, {"model": "auth.permission", "pk": 91, "fields": {"name": "Can delete partial", "content_type": 23, "codename": "delete_partial"}}, {"model": "auth.permission", "pk": 92, "fields": {"name": "Can view partial", "content_type": 23, "codename": "view_partial"}}, {"model": "auth.permission", "pk": 93, "fields": {"name": "Can add project report", "content_type": 24, "codename": "add_projectreport"}}, {"model": "auth.permission", "pk": 94, "fields": {"name": "Can change project report", "content_type": 24, "codename": "change_projectreport"}}, {"model": "auth.permission", "pk": 95, "fields": {"name": "Can delete project report", "content_type": 24, "codename": "delete_projectreport"}}, {"model": "auth.permission", "pk": 96, "fields": {"name": "Can view project report", "content_type": 24, "codename": "view_projectreport"}}, {"model": "auth.permission", "pk": 97, "fields": {"name": "Can add comment report", "content_type": 25, "codename": "add_commentreport"}}, {"model": "auth.permission", "pk": 98, "fields": {"name": "Can change comment report", "content_type": 25, "codename": "change_commentreport"}}, {"model": "auth.permission", "pk": 99, "fields": {"name": "Can delete comment report", "content_type": 25, "codename": "delete_commentreport"}}, {"model": "auth.permission", "pk": 100, "fields": {"name": "Can view comment report", "content_type": 25, "codename": "view_commentreport"}}, {"model": "contenttypes.contenttype", "pk": 1, "fields": {"app_label": "admin", "model": "logentry"}}, {"model": "contenttypes.contenttype", "pk": 2, "fields": {"app_label": "auth", "model": "permission"}}, {"model": "contenttypes.contenttype", "pk": 3, "fields": {"app_label": "auth", "model": "group"}}, {"model": "contenttypes.contenttype", "pk": 4, "fields": {"app_label": "contenttypes", "model": "contenttype"}}, {"model": "contenttypes.contenttype", "pk": 5, "fields": {"app_label": "sessions", "model": "session"}}, {"model": "contenttypes.contenttype", "pk": 6, "fields": {"app_label": "tags", "model": "tag"}}, {"model": "contenttypes.contenttype", "pk": 7, "fields": {"app_label": "users", "model": "user"}}, {"model": "contenttypes.contenttype", "pk": 8, "fields": {"app_label": "ratings", "model": "rating"}}, {"model": "contenttypes.contenttype", "pk": 9, "fields": {"app_label": "reports", "model": "report"}}, {"model": "contenttypes.contenttype", "pk": 10, "fields": {"app_label": "categories", "model": "category"}}, {"model": "contenttypes.contenttype", "pk": 11, "fields": {"app_label": "projects", "model": "image"}}, {"model": "contenttypes.contenttype", "pk": 12, "fields": {"app_label": "projects", "model": "project"}}, {"model": "contenttypes.contenttype", "pk": 13, "fields": {"app_label": "comments", "model": "comment"}}, {"model": "contenttypes.contenttype", "pk": 14, "fields": {"app_label": "donations", "model": "donation"}}, {"model": "contenttypes.contenttype", "pk": 15, "fields": {"app_label": "token_blacklist", "model": "blacklistedtoken"}}, {"model": "contenttypes.contenttype", "pk": 16, "fields": {"app_label": "token_blacklist", "model": "outstandingtoken"}}, {"model": "contenttypes.contenttype", "pk": 17, "fields": {"app_label": "authtoken", "model": "token"}}, {"model": "contenttypes.contenttype", "pk": 18, "fields": {"app_label": "authtoken", "model": "tokenproxy"}}, {"model": "contenttypes.contenttype", "pk": 19, "fields": {"app_label": "social_django", "model": "association"}}, {"model": "contenttypes.contenttype", "pk": 20, "fields": {"app_label": "social_django", "model": "code"}}, {"model": "contenttypes.contenttype", "pk": 21, "fields": {"app_label": "social_django", "model": "nonce"}}, {"model": "contenttypes.contenttype", "pk": 22, "fields": {"app_label": "social_django", "model": "usersocialauth"}}, {"model": "contenttypes.contenttype", "pk": 23, "fields": {"app_label": "social_django", "model": "partial"}}, {"model": "contenttypes.contenttype", "pk": 24, "fields": {"app_label": "reports", "model": "projectreport"}}, {"model": "contenttypes.contenttype", "pk": 25, "fields": {"app_label": "reports", "model": "commentreport"}}, {"model": "sessions.session", "pk": "vr6mmxtjbhk79cjnpx93566flza4czsj", "fields": {"session_data": ".eJxVjEEOwiAQRe_C2pAOhWHi0r1nIAMMUjU0Ke3KeHdt0oVu_3vvv1Tgba1h67KEKauzMur0u0VOD2k7yHdut1mnua3LFPWu6IN2fZ2zPC-H-3dQuddvjd5YD-isOMZhECiekyVKJCZSyY5HArCEMEYrWJCMg8IePXgXQdT7A72jNvA:1npRnE:Nv-DSTdsq2PsUWGvU-W9rDVyj_fDI8I68N0-cn49CEY", "expire_date": "2022-05-27T09:41:04.544Z"}}, {"model": "token_blacklist.outstandingtoken", "pk": 1, "fields": {"user": null, "jti": "68b3f7c494f44c09abb116037b07141d", "token": "eyJ0eXAiOiJKV1QiLCJhbGciOiJIUzI1NiJ9.eyJ0b2tlbl90eXBlIjoicmVmcmVzaCIsImV4cCI6MTY1OTYzODUyOCwiaWF0IjoxNjUxODYyNTI4LCJqdGkiOiI2OGIzZjdjNDk0ZjQ0YzA5YWJiMTE2MDM3YjA3MTQxZCIsInVzZXJfaWQiOjF9.a-IzyT0T82djqyS3MZxSMCQP-U68K5TbfJVPotnTaD4", "created_at": "2022-05-06T18:42:08.752Z", "expires_at": "2022-08-04T18:42:08Z"}}, {"model": "token_blacklist.outstandingtoken", "pk": 2, "fields": {"user": null, "jti": "5f13a20c1b2149d8aa071ceddb543502", "token": "eyJ0eXAiOiJKV1QiLCJhbGciOiJIUzI1NiJ9.eyJ0b2tlbl90eXBlIjoicmVmcmVzaCIsImV4cCI6MTY1OTYzOTMyMywiaWF0IjoxNjUxODYzMzIzLCJqdGkiOiI1ZjEzYTIwYzFiMjE0OWQ4YWEwNzFjZWRkYjU0MzUwMiIsInVzZXJfaWQiOjF9.0vXtuguhbF6wIMyRQ0xuuuz02rVDcSEVAiGw7kGVYPU", "created_at": "2022-05-06T18:55:23.060Z", "expires_at": "2022-08-04T18:55:23Z"}}, {"model": "token_blacklist.outstandingtoken", "pk": 3, "fields": {"user": null, "jti": "9f782ad739084dfd9374062d468dd228", "token": "eyJ0eXAiOiJKV1QiLCJhbGciOiJIUzI1NiJ9.eyJ0b2tlbl90eXBlIjoicmVmcmVzaCIsImV4cCI6MTY1OTYzOTYwOSwiaWF0IjoxNjUxODYzNjA5LCJqdGkiOiI5Zjc4MmFkNzM5MDg0ZGZkOTM3NDA2MmQ0NjhkZDIyOCIsInVzZXJfaWQiOjF9.PxkkEDi4tfdwE9jOntu6zz5UzrdI3UO18Ji245Qsk78", "created_at": "2022-05-06T19:00:09.784Z", "expires_at": "2022-08-04T19:00:09Z"}}, {"model": "token_blacklist.outstandingtoken", "pk": 4, "fields": {"user": null, "jti": "c2792ac0601d419aa8ae6f1fb2a57490", "token": "eyJ0eXAiOiJKV1QiLCJhbGciOiJIUzI1NiJ9.eyJ0b2tlbl90eXBlIjoicmVmcmVzaCIsImV4cCI6MTY1OTY1MzMxNiwiaWF0IjoxNjUxODc3MzE2LCJqdGkiOiJjMjc5MmFjMDYwMWQ0MTlhYThhZTZmMWZiMmE1NzQ5MCIsInVzZXJfaWQiOjF9.lxAQqWmzUspAC-2OIHMBZm7uG9FjzsoF7cPLlIHJDYk", "created_at": "2022-05-06T22:48:36.180Z", "expires_at": "2022-08-04T22:48:36Z"}}, {"model": "token_blacklist.outstandingtoken", "pk": 5, "fields": {"user": null, "jti": "8825f4d519764b4ab0265be93bac008f", "token": "eyJ0eXAiOiJKV1QiLCJhbGciOiJIUzI1NiJ9.eyJ0b2tlbl90eXBlIjoicmVmcmVzaCIsImV4cCI6MTY1OTY1NDQ5MiwiaWF0IjoxNjUxODc4NDkyLCJqdGkiOiI4ODI1ZjRkNTE5NzY0YjRhYjAyNjViZTkzYmFjMDA4ZiIsInVzZXJfaWQiOjEsImlkIjoxLCJlbWFpbCI6ImFzaHJhZkBnbWFpbC5jb20iLCJmaXJzdE5hbWUiOiJhc2hyYWYiLCJsYXN0TmFtZSI6ImVsZGF3b2R5IiwicGhvbmVOdW1iZXIiOm51bGwsInByb2ZpbGVQaWN0dXJlIjoiIn0.iwlgdYnYqFs03hNR5ojnAyUSZoUzzFkJzjEr1xvPMI4", "created_at": null, "expires_at": "2022-08-04T23:08:12Z"}}, {"model": "token_blacklist.outstandingtoken", "pk": 6, "fields": {"user": null, "jti": "64a18e6a7ac44c43b3337fc368891805", "token": "eyJ0eXAiOiJKV1QiLCJhbGciOiJIUzI1NiJ9.eyJ0b2tlbl90eXBlIjoicmVmcmVzaCIsImV4cCI6MTY1OTY1NTA1NiwiaWF0IjoxNjUxODc5MDU2LCJqdGkiOiI2NGExOGU2YTdhYzQ0YzQzYjMzMzdmYzM2ODg5MTgwNSIsInVzZXJfaWQiOjEsImlkIjoxLCJlbWFpbCI6ImFzaHJhZkBnbWFpbC5jb20iLCJmaXJzdE5hbWUiOiJhc2hyYWYiLCJsYXN0TmFtZSI6ImVsZGF3b2R5IiwicGhvbmVOdW1iZXIiOm51bGwsInByb2ZpbGVQaWN0dXJlIjoiIn0.M4SDDikEu6I1hP5WEnybVvYNDauK25z_GuGWfpjdIEU", "created_at": null, "expires_at": "2022-08-04T23:17:36Z"}}, {"model": "token_blacklist.outstandingtoken", "pk": 7, "fields": {"user": null, "jti": "e4c6860f29184eb0825703a4ffb892f8", "token": "eyJ0eXAiOiJKV1QiLCJhbGciOiJIUzI1NiJ9.eyJ0b2tlbl90eXBlIjoicmVmcmVzaCIsImV4cCI6MTY1OTY1NTQ2NCwiaWF0IjoxNjUxODc5NDY0LCJqdGkiOiJlNGM2ODYwZjI5MTg0ZWIwODI1NzAzYTRmZmI4OTJmOCIsInVzZXJfaWQiOjEsImlkIjoxLCJlbWFpbCI6ImFzaHJhZkBnbWFpbC5jb20iLCJmaXJzdE5hbWUiOiJhc2hyYWYiLCJsYXN0TmFtZSI6ImVsZGF3b2R5IiwicGhvbmVOdW1iZXIiOm51bGwsInByb2ZpbGVQaWN0dXJlIjoiIn0.rfto6JZnNlGvulW55MKeRTqUh525gyie4X72hZ2uAd4", "created_at": null, "expires_at": "2022-08-04T23:24:24Z"}}, {"model": "token_blacklist.outstandingtoken", "pk": 8, "fields": {"user": 2, "jti": "e68fba66ddbf4e1ba926ec71752c03da", "token": "eyJ0eXAiOiJKV1QiLCJhbGciOiJIUzI1NiJ9.eyJ0b2tlbl90eXBlIjoicmVmcmVzaCIsImV4cCI6MTY1OTY1ODA1NiwiaWF0IjoxNjUxODgyMDU2LCJqdGkiOiJlNjhmYmE2NmRkYmY0ZTFiYTkyNmVjNzE3NTJjMDNkYSIsInVzZXJfaWQiOjJ9.0ZmmiOsXC188IHUlWxKI0RB9NNRuYTc3Ga8oREztbUo", "created_at": "2022-05-07T00:07:36.976Z", "expires_at": "2022-08-05T00:07:36Z"}}, {"model": "token_blacklist.outstandingtoken", "pk": 9, "fields": {"user": null, "jti": "b9cb151367514b2798ce13871b13e156", "token": "eyJ0eXAiOiJKV1QiLCJhbGciOiJIUzI1NiJ9.eyJ0b2tlbl90eXBlIjoicmVmcmVzaCIsImV4cCI6MTY1OTY1ODYwMCwiaWF0IjoxNjUxODgyNjAwLCJqdGkiOiJiOWNiMTUxMzY3NTE0YjI3OThjZTEzODcxYjEzZTE1NiIsInVzZXJfaWQiOjIsImlkIjoyLCJlbWFpbCI6ImFzaHJhZmZAZ21haWwuY29tIiwiZmlyc3ROYW1lIjoiQXNocmFmIiwibGFzdE5hbWUiOiJFbGRhd29keSIsInBob25lTnVtYmVyIjpudWxsLCJwcm9maWxlUGljdHVyZSI6IiJ9.wnOcn9u8zHdnTkzMAxbHTqu66hPhuw1JBW1gh7qD5Ow", "created_at": null, "expires_at": "2022-08-05T00:16:40Z"}}, {"model": "token_blacklist.outstandingtoken", "pk": 10, "fields": {"user": null, "jti": "d784b88caac04e2c9baa7c5d1520afc7", "token": "eyJ0eXAiOiJKV1QiLCJhbGciOiJIUzI1NiJ9.eyJ0b2tlbl90eXBlIjoicmVmcmVzaCIsImV4cCI6MTY1OTY2MDM3NywiaWF0IjoxNjUxODg0Mzc3LCJqdGkiOiJkNzg0Yjg4Y2FhYzA0ZTJjOWJhYTdjNWQxNTIwYWZjNyIsInVzZXJfaWQiOjIsImlkIjoyLCJlbWFpbCI6ImFzaHJhZmZAZ21haWwuY29tIiwiZmlyc3ROYW1lIjoiQXNocmFmIiwibGFzdE5hbWUiOiJFbGRhd29keSIsInBob25lTnVtYmVyIjpudWxsLCJwcm9maWxlUGljdHVyZSI6IiJ9.M-OUx70QdxRYC1qjNgXPnSrdfkabmeQXPLJnEtFRfwU", "created_at": null, "expires_at": "2022-08-05T00:46:17Z"}}, {"model": "token_blacklist.outstandingtoken", "pk": 11, "fields": {"user": null, "jti": "2ccc173cd2fd4b18a3faa376d030f614", "token": "eyJ0eXAiOiJKV1QiLCJhbGciOiJIUzI1NiJ9.eyJ0b2tlbl90eXBlIjoicmVmcmVzaCIsImV4cCI6MTY1OTY2MTE1OCwiaWF0IjoxNjUxODg1MTU4LCJqdGkiOiIyY2NjMTczY2QyZmQ0YjE4YTNmYWEzNzZkMDMwZjYxNCIsInVzZXJfaWQiOjIsImlkIjoyLCJlbWFpbCI6ImFzaHJhZmZAZ21haWwuY29tIiwiZmlyc3ROYW1lIjoiQXNocmFmIiwibGFzdE5hbWUiOiJFbGRhd29keSIsInBob25lTnVtYmVyIjpudWxsLCJwcm9maWxlUGljdHVyZSI6IiJ9.4_BhHr8KPlUK5ZrVKFbAsh4deeOzPPxTE6IpZxCZBis", "created_at": null, "expires_at": "2022-08-05T00:59:18Z"}}, {"model": "token_blacklist.outstandingtoken", "pk": 12, "fields": {"user": null, "jti": "fac738d71e094f63b55c187781ac4442", "token": "eyJ0eXAiOiJKV1QiLCJhbGciOiJIUzI1NiJ9.eyJ0b2tlbl90eXBlIjoicmVmcmVzaCIsImV4cCI6MTY1OTY2MTU0OSwiaWF0IjoxNjUxODg1NTQ5LCJqdGkiOiJmYWM3MzhkNzFlMDk0ZjYzYjU1YzE4Nzc4MWFjNDQ0MiIsInVzZXJfaWQiOjIsImlkIjoyLCJlbWFpbCI6ImFzaHJhZmZAZ21haWwuY29tIiwiZmlyc3ROYW1lIjoiQXNocmFmIiwibGFzdE5hbWUiOiJFbGRhd29keSIsInBob25lTnVtYmVyIjpudWxsLCJwcm9maWxlUGljdHVyZSI6IiJ9.JKU6-PUTnR38S0wRHPGDL8x16n0pxBUsha791gdkZ0o", "created_at": null, "expires_at": "2022-08-05T01:05:49Z"}}, {"model": "token_blacklist.outstandingtoken", "pk": 13, "fields": {"user": 2, "jti": "886286ddcd674619b5de340d9a095257", "token": "eyJ0eXAiOiJKV1QiLCJhbGciOiJIUzI1NiJ9.eyJ0b2tlbl90eXBlIjoicmVmcmVzaCIsImV4cCI6MTY1OTY2MjEwNywiaWF0IjoxNjUxODg2MTA3LCJqdGkiOiI4ODYyODZkZGNkNjc0NjE5YjVkZTM0MGQ5YTA5NTI1NyIsInVzZXJfaWQiOjJ9.Y1-_v_0JIi243PKgVDEGARYJsgIDZYDh2xzjhSJoiwc", "created_at": "2022-05-07T01:15:07.173Z", "expires_at": "2022-08-05T01:15:07Z"}}, {"model": "token_blacklist.outstandingtoken", "pk": 14, "fields": {"user": 2, "jti": "1d9513d40db34ed7bcef27dc71507de6", "token": "eyJ0eXAiOiJKV1QiLCJhbGciOiJIUzI1NiJ9.eyJ0b2tlbl90eXBlIjoicmVmcmVzaCIsImV4cCI6MTY1OTY2MjE1MCwiaWF0IjoxNjUxODg2MTUwLCJqdGkiOiIxZDk1MTNkNDBkYjM0ZWQ3YmNlZjI3ZGM3MTUwN2RlNiIsInVzZXJfaWQiOjJ9.kZoQvKw3pO-Rrl0RuaWzQCsMKyanwZ5SVl2_XMdYdHU", "created_at": "2022-05-07T01:15:50.987Z", "expires_at": "2022-08-05T01:15:50Z"}}, {"model": "token_blacklist.outstandingtoken", "pk": 15, "fields": {"user": 2, "jti": "472997b9fbc3439295538f26c4c6e53d", "token": "eyJ0eXAiOiJKV1QiLCJhbGciOiJIUzI1NiJ9.eyJ0b2tlbl90eXBlIjoicmVmcmVzaCIsImV4cCI6MTY1OTY2MjQ2NSwiaWF0IjoxNjUxODg2NDY1LCJqdGkiOiI0NzI5OTdiOWZiYzM0MzkyOTU1MzhmMjZjNGM2ZTUzZCIsInVzZXJfaWQiOjJ9.J3Yw4rVZf0DEUCcCaP1YhW_8zdU5Rl8IpXqWZl-Y_j8", "created_at": "2022-05-07T01:21:05.180Z", "expires_at": "2022-08-05T01:21:05Z"}}, {"model": "token_blacklist.outstandingtoken", "pk": 16, "fields": {"user": 2, "jti": "88d22790881243af98582054e5da92ec", "token": "eyJ0eXAiOiJKV1QiLCJhbGciOiJIUzI1NiJ9.eyJ0b2tlbl90eXBlIjoicmVmcmVzaCIsImV4cCI6MTY1OTY2MzczOCwiaWF0IjoxNjUxODg3NzM4LCJqdGkiOiI4OGQyMjc5MDg4MTI0M2FmOTg1ODIwNTRlNWRhOTJlYyIsInVzZXJfaWQiOjJ9.fw7n9vVGGhsLkgLWYUqZaHbizLqeLfS-Bf1yuRFFBAA", "created_at": "2022-05-07T01:42:18.294Z", "expires_at": "2022-08-05T01:42:18Z"}}, {"model": "token_blacklist.outstandingtoken", "pk": 17, "fields": {"user": 2, "jti": "14d02cc48e864c60ab5508b34e6fad6c", "token": "eyJ0eXAiOiJKV1QiLCJhbGciOiJIUzI1NiJ9.eyJ0b2tlbl90eXBlIjoicmVmcmVzaCIsImV4cCI6MTY1OTY2Mzg2OSwiaWF0IjoxNjUxODg3ODY5LCJqdGkiOiIxNGQwMmNjNDhlODY0YzYwYWI1NTA4YjM0ZTZmYWQ2YyIsInVzZXJfaWQiOjJ9.ueHz0mNjrkdq0PVZ-yA0yM9Yq1bwOo2KgsGL1pwBbYQ", "created_at": "2022-05-07T01:44:29.715Z", "expires_at": "2022-08-05T01:44:29Z"}}, {"model": "token_blacklist.outstandingtoken", "pk": 18, "fields": {"user": 2, "jti": "e3fe6f9d4b454ccfbcd05a4a9ee71b7c", "token": "eyJ0eXAiOiJKV1QiLCJhbGciOiJIUzI1NiJ9.eyJ0b2tlbl90eXBlIjoicmVmcmVzaCIsImV4cCI6MTY1OTY2NDQyNywiaWF0IjoxNjUxODg4NDI3LCJqdGkiOiJlM2ZlNmY5ZDRiNDU0Y2NmYmNkMDVhNGE5ZWU3MWI3YyIsInVzZXJfaWQiOjJ9.0Oj2T0pkSVgd6LpuV4G_UzE2zwgbZTYMVLHBBj-w4tA", "created_at": "2022-05-07T01:53:47.739Z", "expires_at": "2022-08-05T01:53:47Z"}}, {"model": "token_blacklist.outstandingtoken", "pk": 19, "fields": {"user": null, "jti": "e39c8b177c0646dda87a186dcfac4aa0", "token": "eyJ0eXAiOiJKV1QiLCJhbGciOiJIUzI1NiJ9.eyJ0b2tlbl90eXBlIjoicmVmcmVzaCIsImV4cCI6MTY1OTY2NDM5OCwiaWF0IjoxNjUxODg4Mzk4LCJqdGkiOiJlMzljOGIxNzdjMDY0NmRkYTg3YTE4NmRjZmFjNGFhMCIsInVzZXJfaWQiOjIsImlkIjoyLCJlbWFpbCI6ImFzaHJhZmZAZ21haWwuY29tIiwiZmlyc3ROYW1lIjoiQXNocmFmIiwibGFzdE5hbWUiOiJFbGRhd29keUEiLCJwaG9uZU51bWJlciI6bnVsbCwicHJvZmlsZVBpY3R1cmUiOiJQbmd0cmVlY2hhcml0eV9sb2dvX2Rlc2lnbl90ZW1wbGF0ZV8zNjAxOTc2X2Z1ODlsaWMuanBnIn0.YJuIjRSH9PhPU_AfmjxLjMf3R-He-E_BVsVeT2UgVxY", "created_at": null, "expires_at": "2022-08-05T01:53:18Z"}}, {"model": "token_blacklist.outstandingtoken", "pk": 20, "fields": {"user": 2, "jti": "32a3ca8b61fe4fea929fef4c93211451", "token": "eyJ0eXAiOiJKV1QiLCJhbGciOiJIUzI1NiJ9.eyJ0b2tlbl90eXBlIjoicmVmcmVzaCIsImV4cCI6MTY1OTY2NDc0MiwiaWF0IjoxNjUxODg4NzQyLCJqdGkiOiIzMmEzY2E4YjYxZmU0ZmVhOTI5ZmVmNGM5MzIxMTQ1MSIsInVzZXJfaWQiOjJ9.MGL_Yv1UBGbjZbMIS5QmTEBJAzS48lxdM3BLipDU2y4", "created_at": "2022-05-07T01:59:02.788Z", "expires_at": "2022-08-05T01:59:02Z"}}, {"model": "token_blacklist.outstandingtoken", "pk": 21, "fields": {"user": 2, "jti": "307c752aa82740e3b1f59bff8b4f6373", "token": "eyJ0eXAiOiJKV1QiLCJhbGciOiJIUzI1NiJ9.eyJ0b2tlbl90eXBlIjoicmVmcmVzaCIsImV4cCI6MTY1OTY2NDc5MywiaWF0IjoxNjUxODg4NzkzLCJqdGkiOiIzMDdjNzUyYWE4Mjc0MGUzYjFmNTliZmY4YjRmNjM3MyIsInVzZXJfaWQiOjJ9.KMhPYi7DZOGYTa_mAK-SLw8WRSma8_bhBsy-6PcM5FY", "created_at": "2022-05-07T01:59:53.322Z", "expires_at": "2022-08-05T01:59:53Z"}}, {"model": "token_blacklist.outstandingtoken", "pk": 22, "fields": {"user": 2, "jti": "f4b82782dca242a3936651522f2d9364", "token": "eyJ0eXAiOiJKV1QiLCJhbGciOiJIUzI1NiJ9.eyJ0b2tlbl90eXBlIjoicmVmcmVzaCIsImV4cCI6MTY1OTY2NDg3OSwiaWF0IjoxNjUxODg4ODc5LCJqdGkiOiJmNGI4Mjc4MmRjYTI0MmEzOTM2NjUxNTIyZjJkOTM2NCIsInVzZXJfaWQiOjJ9.TsWLKRKFfHPobdWGVDFzSOppoi6viLJ0YfOs3QMK-Xs", "created_at": "2022-05-07T02:01:19.316Z", "expires_at": "2022-08-05T02:01:19Z"}}, {"model": "token_blacklist.outstandingtoken", "pk": 23, "fields": {"user": 2, "jti": "3e338ab4a98b4303ac47538a8286cf19", "token": "eyJ0eXAiOiJKV1QiLCJhbGciOiJIUzI1NiJ9.eyJ0b2tlbl90eXBlIjoicmVmcmVzaCIsImV4cCI6MTY1OTY2NDg5NiwiaWF0IjoxNjUxODg4ODk2LCJqdGkiOiIzZTMzOGFiNGE5OGI0MzAzYWM0NzUzOGE4Mjg2Y2YxOSIsInVzZXJfaWQiOjJ9.7MLRBc3tkBiYrCRHxlmP8L4LDnWWWLWVnxILaUt95pI", "created_at": "2022-05-07T02:01:36.766Z", "expires_at": "2022-08-05T02:01:36Z"}}, {"model": "token_blacklist.outstandingtoken", "pk": 24, "fields": {"user": 2, "jti": "b9466864488541429b5c05a7464ad396", "token": "eyJ0eXAiOiJKV1QiLCJhbGciOiJIUzI1NiJ9.eyJ0b2tlbl90eXBlIjoicmVmcmVzaCIsImV4cCI6MTY1OTY2NDkyMSwiaWF0IjoxNjUxODg4OTIxLCJqdGkiOiJiOTQ2Njg2NDQ4ODU0MTQyOWI1YzA1YTc0NjRhZDM5NiIsInVzZXJfaWQiOjJ9.osg-U6TQmF5LTyXkxXr2y2CFvBZzs98L4w8R0HsmnpI", "created_at": "2022-05-07T02:02:01.387Z", "expires_at": "2022-08-05T02:02:01Z"}}, {"model": "token_blacklist.outstandingtoken", "pk": 25, "fields": {"user": 2, "jti": "f3e399b7d64946d7b8ea3aa20f4afd4d", "token": "eyJ0eXAiOiJKV1QiLCJhbGciOiJIUzI1NiJ9.eyJ0b2tlbl90eXBlIjoicmVmcmVzaCIsImV4cCI6MTY1OTY2NDk1MSwiaWF0IjoxNjUxODg4OTUxLCJqdGkiOiJmM2UzOTliN2Q2NDk0NmQ3YjhlYTNhYTIwZjRhZmQ0ZCIsInVzZXJfaWQiOjJ9.nVXmXJxdm8-2kRpWIQof1BT0P9n8EFNIJYdrLWORGPE", "created_at": "2022-05-07T02:02:31.326Z", "expires_at": "2022-08-05T02:02:31Z"}}, {"model": "token_blacklist.outstandingtoken", "pk": 26, "fields": {"user": null, "jti": "02db03fa41bf420faf998e25f4caace7", "token": "eyJ0eXAiOiJKV1QiLCJhbGciOiJIUzI1NiJ9.eyJ0b2tlbl90eXBlIjoicmVmcmVzaCIsImV4cCI6MTY1OTY2NDc0MiwiaWF0IjoxNjUxODg4NzQyLCJqdGkiOiIwMmRiMDNmYTQxYmY0MjBmYWY5OThlMjVmNGNhYWNlNyIsInVzZXJfaWQiOjIsImlkIjoyLCJlbWFpbCI6ImFzaHJhZmZAZ21haWwuY29tIiwiZmlyc3ROYW1lIjoiQXNocmFmIiwibGFzdE5hbWUiOiJFbGRhd29keUEiLCJwaG9uZU51bWJlciI6bnVsbCwicHJvZmlsZVBpY3R1cmUiOiJQbmd0cmVlY2hhcml0eV9sb2dvX2Rlc2lnbl90ZW1wbGF0ZV8zNjAxOTc2X2Z1ODlsaWMuanBnIn0.diHRabuw9vgVILrmcMGU9TOmerJLcTY4Cpw156dxhtQ", "created_at": null, "expires_at": "2022-08-05T01:59:02Z"}}, {"model": "token_blacklist.outstandingtoken", "pk": 27, "fields": {"user": null, "jti": "54c950745b3043bb82c5b530822d3f16", "token": "eyJ0eXAiOiJKV1QiLCJhbGciOiJIUzI1NiJ9.eyJ0b2tlbl90eXBlIjoicmVmcmVzaCIsImV4cCI6MTY1OTY2NTA1MiwiaWF0IjoxNjUxODg5MDUyLCJqdGkiOiI1NGM5NTA3NDViMzA0M2JiODJjNWI1MzA4MjJkM2YxNiIsInVzZXJfaWQiOjIsImlkIjoyLCJlbWFpbCI6ImFzaHJhZmZAZ21haWwuY29tIiwiZmlyc3ROYW1lIjoiQXNocmFmIiwibGFzdE5hbWUiOiJFbGRhd29keUEiLCJwaG9uZU51bWJlciI6bnVsbCwicHJvZmlsZVBpY3R1cmUiOiJQbmd0cmVlY2hhcml0eV9sb2dvX2Rlc2lnbl90ZW1wbGF0ZV8zNjAxOTc2X2Z1ODlsaWMuanBnIn0.Hxtx9zzw2GVHH8tGejPwXVib8y7TotWAD2t1g7thFwY", "created_at": null, "expires_at": "2022-08-05T02:04:12Z"}}, {"model": "token_blacklist.outstandingtoken", "pk": 28, "fields": {"user": 2, "jti": "b5fa4d36ab9c455fb1141e1465be89ab", "token": "eyJ0eXAiOiJKV1QiLCJhbGciOiJIUzI1NiJ9.eyJ0b2tlbl90eXBlIjoicmVmcmVzaCIsImV4cCI6MTY1OTY2NTYzNCwiaWF0IjoxNjUxODg5NjM0LCJqdGkiOiJiNWZhNGQzNmFiOWM0NTVmYjExNDFlMTQ2NWJlODlhYiIsInVzZXJfaWQiOjJ9.BnsxkoH2Ox6pMnbr7morOKvt7usr5D6rOPSKDCJdmPo", "created_at": "2022-05-07T02:13:54.584Z", "expires_at": "2022-08-05T02:13:54Z"}}, {"model": "token_blacklist.outstandingtoken", "pk": 29, "fields": {"user": 2, "jti": "b8fc32777f6846838e2a55a346af7588", "token": "eyJ0eXAiOiJKV1QiLCJhbGciOiJIUzI1NiJ9.eyJ0b2tlbl90eXBlIjoic2xpZGluZyIsImV4cCI6MTY1MTg4OTkzNCwiaWF0IjoxNjUxODg5NjM0LCJqdGkiOiJiOGZjMzI3NzdmNjg0NjgzOGUyYTU1YTM0NmFmNzU4OCIsInJlZnJlc2hfZXhwIjoxNjUxOTc2MDM0LCJ1c2VyX2lkIjoyfQ.uyJEAOyaqmL0zltxNdWEiHPgODZe2bhHRkAwdI1Cch4", "created_at": "2022-05-07T02:13:54.586Z", "expires_at": "2022-05-07T02:18:54Z"}}, {"model": "token_blacklist.outstandingtoken", "pk": 30, "fields": {"user": 2, "jti": "3bb340fa7a754d01b880e0e3464e946d", "token": "eyJ0eXAiOiJKV1QiLCJhbGciOiJIUzI1NiJ9.eyJ0b2tlbl90eXBlIjoicmVmcmVzaCIsImV4cCI6MTY1OTY2NTY1MCwiaWF0IjoxNjUxODg5NjUwLCJqdGkiOiIzYmIzNDBmYTdhNzU0ZDAxYjg4MGUwZTM0NjRlOTQ2ZCIsInVzZXJfaWQiOjJ9.wjdrLE9lX5uWfvGKdJeAhyATA1jOa5mluhiK-MPf_Lo", "created_at": "2022-05-07T02:14:10.042Z", "expires_at": "2022-08-05T02:14:10Z"}}, {"model": "token_blacklist.outstandingtoken", "pk": 31, "fields": {"user": 2, "jti": "b41539bc47a54beaa2f08a81266e15ce", "token": "eyJ0eXAiOiJKV1QiLCJhbGciOiJIUzI1NiJ9.eyJ0b2tlbl90eXBlIjoic2xpZGluZyIsImV4cCI6MTY1MTg4OTk1MCwiaWF0IjoxNjUxODg5NjUwLCJqdGkiOiJiNDE1MzliYzQ3YTU0YmVhYTJmMDhhODEyNjZlMTVjZSIsInJlZnJlc2hfZXhwIjoxNjUxOTc2MDUwLCJ1c2VyX2lkIjoyfQ.1pNVI5CNUpeCLvceO1ySd0ugKrio0CEtNb8UilfF0Ks", "created_at": "2022-05-07T02:14:10.044Z", "expires_at": "2022-05-07T02:19:10Z"}}, {"model": "token_blacklist.outstandingtoken", "pk": 32, "fields": {"user": 2, "jti": "85411a9d3ee8405090dd001cee06b21b", "token": "eyJ0eXAiOiJKV1QiLCJhbGciOiJIUzI1NiJ9.eyJ0b2tlbl90eXBlIjoicmVmcmVzaCIsImV4cCI6MTY1OTY2NTY1OCwiaWF0IjoxNjUxODg5NjU4LCJqdGkiOiI4NTQxMWE5ZDNlZTg0MDUwOTBkZDAwMWNlZTA2YjIxYiIsInVzZXJfaWQiOjJ9.FAfx72or1bICUloi1TFBIw9LgezG-tswgzqZZe2T35s", "created_at": "2022-05-07T02:14:18.337Z", "expires_at": "2022-08-05T02:14:18Z"}}, {"model": "token_blacklist.outstandingtoken", "pk": 33, "fields": {"user": 2, "jti": "a75f72a80e134fe98ccd5a32ffd30891", "token": "eyJ0eXAiOiJKV1QiLCJhbGciOiJIUzI1NiJ9.eyJ0b2tlbl90eXBlIjoic2xpZGluZyIsImV4cCI6MTY1MTg4OTk1OCwiaWF0IjoxNjUxODg5NjU4LCJqdGkiOiJhNzVmNzJhODBlMTM0ZmU5OGNjZDVhMzJmZmQzMDg5MSIsInJlZnJlc2hfZXhwIjoxNjUxOTc2MDU4LCJ1c2VyX2lkIjoyfQ.wELF_OAm1uUWox-XF23NNt6z98cx4SEmY6-7PrimyC8", "created_at": "2022-05-07T02:14:18.339Z", "expires_at": "2022-05-07T02:19:18Z"}}, {"model": "token_blacklist.outstandingtoken", "pk": 34, "fields": {"user": null, "jti": "e9af56512d3b4988a6cce1a25f9ef7bb", "token": "eyJ0eXAiOiJKV1QiLCJhbGciOiJIUzI1NiJ9.eyJ0b2tlbl90eXBlIjoicmVmcmVzaCIsImV4cCI6MTY1OTY2NTYzNCwiaWF0IjoxNjUxODg5NjM0LCJqdGkiOiJlOWFmNTY1MTJkM2I0OTg4YTZjY2UxYTI1ZjllZjdiYiIsInVzZXJfaWQiOjIsImlkIjoyLCJlbWFpbCI6ImFzaHJhZmZAZ21haWwuY29tIiwiZmlyc3ROYW1lIjoiQXNocmFmIiwibGFzdE5hbWUiOiJFbGRhd29keUEiLCJwaG9uZU51bWJlciI6bnVsbCwicHJvZmlsZVBpY3R1cmUiOiJQbmd0cmVlY2hhcml0eV9sb2dvX2Rlc2lnbl90ZW1wbGF0ZV8zNjAxOTc2X2Z1ODlsaWMuanBnIn0.hajV611SR2b2-qLSBYJzPRRqIqMe4w_hYS2wRbVvq-8", "created_at": null, "expires_at": "2022-08-05T02:13:54Z"}}, {"model": "token_blacklist.outstandingtoken", "pk": 35, "fields": {"user": null, "jti": "bb7bb4efbb724bc88529c4757e69adb7", "token": "eyJ0eXAiOiJKV1QiLCJhbGciOiJIUzI1NiJ9.eyJ0b2tlbl90eXBlIjoicmVmcmVzaCIsImV4cCI6MTY1OTY2NTk3MSwiaWF0IjoxNjUxODg5OTcxLCJqdGkiOiJiYjdiYjRlZmJiNzI0YmM4ODUyOWM0NzU3ZTY5YWRiNyIsInVzZXJfaWQiOjIsImlkIjoyLCJlbWFpbCI6ImFzaHJhZmZAZ21haWwuY29tIiwiZmlyc3ROYW1lIjoiQXNocmFmIiwibGFzdE5hbWUiOiJFbGRhd29keUEiLCJwaG9uZU51bWJlciI6bnVsbCwicHJvZmlsZVBpY3R1cmUiOiJQbmd0cmVlY2hhcml0eV9sb2dvX2Rlc2lnbl90ZW1wbGF0ZV8zNjAxOTc2X2Z1ODlsaWMuanBnIn0.rvd_SEyHua7pOJYMMOUiHrDOe86AaoYUv_SXIAkPUlI", "created_at": null, "expires_at": "2022-08-05T02:19:31Z"}}, {"model": "token_blacklist.outstandingtoken", "pk": 36, "fields": {"user": null, "jti": "c70512b4d5264c609de6db2783cffd3a", "token": "eyJ0eXAiOiJKV1QiLCJhbGciOiJIUzI1NiJ9.eyJ0b2tlbl90eXBlIjoicmVmcmVzaCIsImV4cCI6MTY1OTY2NjQ3MiwiaWF0IjoxNjUxODkwNDcyLCJqdGkiOiJjNzA1MTJiNGQ1MjY0YzYwOWRlNmRiMjc4M2NmZmQzYSIsInVzZXJfaWQiOjIsImlkIjoyLCJlbWFpbCI6ImFzaHJhZmZAZ21haWwuY29tIiwiZmlyc3ROYW1lIjoiQXNocmFmIiwibGFzdE5hbWUiOiJFbGRhd29keUEiLCJwaG9uZU51bWJlciI6bnVsbCwicHJvZmlsZVBpY3R1cmUiOiJQbmd0cmVlY2hhcml0eV9sb2dvX2Rlc2lnbl90ZW1wbGF0ZV8zNjAxOTc2X2Z1ODlsaWMuanBnIn0.LiSW08JU_8sUAgWIbJVZmUUJm41kL0_oLc6Jgy8pUKo", "created_at": null, "expires_at": "2022-08-05T02:27:52Z"}}, {"model": "token_blacklist.outstandingtoken", "pk": 37, "fields": {"user": 2, "jti": "c1ee287c6d8644b0b7eb86460d433cbc", "token": "eyJ0eXAiOiJKV1QiLCJhbGciOiJIUzI1NiJ9.eyJ0b2tlbl90eXBlIjoicmVmcmVzaCIsImV4cCI6MTY1OTY2NzEwNiwiaWF0IjoxNjUxODkxMTA2LCJqdGkiOiJjMWVlMjg3YzZkODY0NGIwYjdlYjg2NDYwZDQzM2NiYyIsInVzZXJfaWQiOjJ9.vOjbfbC4uYeYmOElXSQFhGRWM82q4pfewEQEAXGwDo4", "created_at": "2022-05-07T02:38:26.425Z", "expires_at": "2022-08-05T02:38:26Z"}}, {"model": "token_blacklist.outstandingtoken", "pk": 38, "fields": {"user": 2, "jti": "a40c6ccebc1044fe8c7658ed63a97bdd", "token": "eyJ0eXAiOiJKV1QiLCJhbGciOiJIUzI1NiJ9.eyJ0b2tlbl90eXBlIjoicmVmcmVzaCIsImV4cCI6MTY1OTY2NzE4NSwiaWF0IjoxNjUxODkxMTg1LCJqdGkiOiJhNDBjNmNjZWJjMTA0NGZlOGM3NjU4ZWQ2M2E5N2JkZCIsInVzZXJfaWQiOjJ9.b5CgNq-nxEBUw34CAUdfbH1Cdcgor-GFvsqzU43TLGw", "created_at": "2022-05-07T02:39:45.054Z", "expires_at": "2022-08-05T02:39:45Z"}}, {"model": "token_blacklist.outstandingtoken", "pk": 39, "fields": {"user": 2, "jti": "3ea4f5dca7b24f8ea1adf9fcc0b4157f", "token": "eyJ0eXAiOiJKV1QiLCJhbGciOiJIUzI1NiJ9.eyJ0b2tlbl90eXBlIjoicmVmcmVzaCIsImV4cCI6MTY1OTY2NzI3MSwiaWF0IjoxNjUxODkxMjcxLCJqdGkiOiIzZWE0ZjVkY2E3YjI0ZjhlYTFhZGY5ZmNjMGI0MTU3ZiIsInVzZXJfaWQiOjJ9.Wkmk9KHd_PJqMwrrHm4ctACDqV5h1_IIfY5EtJuVvZI", "created_at": "2022-05-07T02:41:11.633Z", "expires_at": "2022-08-05T02:41:11Z"}}, {"model": "token_blacklist.outstandingtoken", "pk": 40, "fields": {"user": 2, "jti": "ac0ff0ee4c3b46b0b0ce81696cc4634f", "token": "eyJ0eXAiOiJKV1QiLCJhbGciOiJIUzI1NiJ9.eyJ0b2tlbl90eXBlIjoicmVmcmVzaCIsImV4cCI6MTY1OTY2NzM0MCwiaWF0IjoxNjUxODkxMzQwLCJqdGkiOiJhYzBmZjBlZTRjM2I0NmIwYjBjZTgxNjk2Y2M0NjM0ZiIsInVzZXJfaWQiOjJ9.UfquL5qP95SUqZT-cPV3fR1axjtvw5gpqerr9R-Qw_M", "created_at": "2022-05-07T02:42:20.750Z", "expires_at": "2022-08-05T02:42:20Z"}}, {"model": "token_blacklist.outstandingtoken", "pk": 41, "fields": {"user": 2, "jti": "ea70d19b57dd4cd292c00a8a2daeb50f", "token": "eyJ0eXAiOiJKV1QiLCJhbGciOiJIUzI1NiJ9.eyJ0b2tlbl90eXBlIjoicmVmcmVzaCIsImV4cCI6MTY1OTY2NzM0MCwiaWF0IjoxNjUxODkxMzQwLCJqdGkiOiJlYTcwZDE5YjU3ZGQ0Y2QyOTJjMDBhOGEyZGFlYjUwZiIsInVzZXJfaWQiOjJ9.CI9oq6g9XJSSF7x13Y-CvXRW8O5YURP-S1dOWURwYZI", "created_at": "2022-05-07T02:42:20.752Z", "expires_at": "2022-08-05T02:42:20Z"}}, {"model": "token_blacklist.outstandingtoken", "pk": 42, "fields": {"user": 2, "jti": "773bc9e038934cd296e73361b3b7e7f6", "token": "eyJ0eXAiOiJKV1QiLCJhbGciOiJIUzI1NiJ9.eyJ0b2tlbl90eXBlIjoicmVmcmVzaCIsImV4cCI6MTY1OTY2NzM2OSwiaWF0IjoxNjUxODkxMzY5LCJqdGkiOiI3NzNiYzllMDM4OTM0Y2QyOTZlNzMzNjFiM2I3ZTdmNiIsInVzZXJfaWQiOjJ9.5_9AMZFJr3LXYmcYuTHAJluwcOQ1CTOZWSfLfeNBquU", "created_at": "2022-05-07T02:42:49.640Z", "expires_at": "2022-08-05T02:42:49Z"}}, {"model": "token_blacklist.outstandingtoken", "pk": 43, "fields": {"user": 2, "jti": "6044db1421444475959863b87c50475f", "token": "eyJ0eXAiOiJKV1QiLCJhbGciOiJIUzI1NiJ9.eyJ0b2tlbl90eXBlIjoicmVmcmVzaCIsImV4cCI6MTY1OTY2NzM2OSwiaWF0IjoxNjUxODkxMzY5LCJqdGkiOiI2MDQ0ZGIxNDIxNDQ0NDc1OTU5ODYzYjg3YzUwNDc1ZiIsInVzZXJfaWQiOjJ9.2YeO68o9cy9x7JBBFKLvTh-pVkujSviedIr7m3kRqeg", "created_at": "2022-05-07T02:42:49.643Z", "expires_at": "2022-08-05T02:42:49Z"}}, {"model": "token_blacklist.outstandingtoken", "pk": 44, "fields": {"user": 2, "jti": "78f01dff08cf4764afab3b7c2e16fef8", "token": "eyJ0eXAiOiJKV1QiLCJhbGciOiJIUzI1NiJ9.eyJ0b2tlbl90eXBlIjoicmVmcmVzaCIsImV4cCI6MTY1OTY2NzQxOSwiaWF0IjoxNjUxODkxNDE5LCJqdGkiOiI3OGYwMWRmZjA4Y2Y0NzY0YWZhYjNiN2MyZTE2ZmVmOCIsInVzZXJfaWQiOjJ9.yUAhce9w5catAS3_BEwnlUx14Vz_C5llGtzBposvXCI", "created_at": "2022-05-07T02:43:39.915Z", "expires_at": "2022-08-05T02:43:39Z"}}, {"model": "token_blacklist.outstandingtoken", "pk": 45, "fields": {"user": 2, "jti": "1a71933283d84960b352eb5292963c8d", "token": "eyJ0eXAiOiJKV1QiLCJhbGciOiJIUzI1NiJ9.eyJ0b2tlbl90eXBlIjoicmVmcmVzaCIsImV4cCI6MTY1OTY2NzQ1MCwiaWF0IjoxNjUxODkxNDUwLCJqdGkiOiIxYTcxOTMzMjgzZDg0OTYwYjM1MmViNTI5Mjk2M2M4ZCIsInVzZXJfaWQiOjJ9.zBaE1TyMs5iAJWTQnktTDWN-wZhYo3e0UiM5SBFLPiU", "created_at": "2022-05-07T02:44:10.050Z", "expires_at": "2022-08-05T02:44:10Z"}}, {"model": "token_blacklist.outstandingtoken", "pk": 46, "fields": {"user": null, "jti": "21991a0ab2cf4e12ac19eae5b4fbf0e3", "token": "eyJ0eXAiOiJKV1QiLCJhbGciOiJIUzI1NiJ9.eyJ0b2tlbl90eXBlIjoicmVmcmVzaCIsImV4cCI6MTY1OTY2NzE4NSwiaWF0IjoxNjUxODkxMTg1LCJqdGkiOiIyMTk5MWEwYWIyY2Y0ZTEyYWMxOWVhZTViNGZiZjBlMyIsInVzZXJfaWQiOjJ9.AkjsYzXEPn6bEn-AmbmAOn45XDvf9Mk2yU-5NQ7dLbk", "created_at": null, "expires_at": "2022-08-05T02:39:45Z"}}, {"model": "token_blacklist.outstandingtoken", "pk": 47, "fields": {"user": 2, "jti": "2798348a330c437b940dc7d69336ad96", "token": "eyJ0eXAiOiJKV1QiLCJhbGciOiJIUzI1NiJ9.eyJ0b2tlbl90eXBlIjoicmVmcmVzaCIsImV4cCI6MTY1OTY2NzYxMiwiaWF0IjoxNjUxODkxNjEyLCJqdGkiOiIyNzk4MzQ4YTMzMGM0MzdiOTQwZGM3ZDY5MzM2YWQ5NiIsInVzZXJfaWQiOjJ9.ca_OVBmGKRwgt37_wiM4TqLjMHDvNoK0z6tBYlkdYzY", "created_at": "2022-05-07T02:46:52.678Z", "expires_at": "2022-08-05T02:46:52Z"}}, {"model": "token_blacklist.outstandingtoken", "pk": 48, "fields": {"user": 2, "jti": "ca51422c616b465ba3943d0f673da8d8", "token": "eyJ0eXAiOiJKV1QiLCJhbGciOiJIUzI1NiJ9.eyJ0b2tlbl90eXBlIjoicmVmcmVzaCIsImV4cCI6MTY1OTY2Nzc4MCwiaWF0IjoxNjUxODkxNzgwLCJqdGkiOiJjYTUxNDIyYzYxNmI0NjViYTM5NDNkMGY2NzNkYThkOCIsInVzZXJfaWQiOjJ9.pQqB8Yoyb_5cfMOGxlHOsW-q_1rSfyj6mA8a4gYfWtw", "created_at": "2022-05-07T02:49:40.949Z", "expires_at": "2022-08-05T02:49:40Z"}}, {"model": "token_blacklist.outstandingtoken", "pk": 49, "fields": {"user": 2, "jti": "2c6b28239b5149808b1fd4d4ee6732e6", "token": "eyJ0eXAiOiJKV1QiLCJhbGciOiJIUzI1NiJ9.eyJ0b2tlbl90eXBlIjoicmVmcmVzaCIsImV4cCI6MTY1OTY2Nzk1MCwiaWF0IjoxNjUxODkxOTUwLCJqdGkiOiIyYzZiMjgyMzliNTE0OTgwOGIxZmQ0ZDRlZTY3MzJlNiIsInVzZXJfaWQiOjJ9.M-ltEM5csNNY5yc1Nx-1xLpXPQ3yYLhlm41di2E_l-Q", "created_at": "2022-05-07T02:52:30.567Z", "expires_at": "2022-08-05T02:52:30Z"}}, {"model": "token_blacklist.outstandingtoken", "pk": 50, "fields": {"user": 2, "jti": "173e13602052423d8ae1797f8fcbbce9", "token": "eyJ0eXAiOiJKV1QiLCJhbGciOiJIUzI1NiJ9.eyJ0b2tlbl90eXBlIjoicmVmcmVzaCIsImV4cCI6MTY1OTY2ODA1MywiaWF0IjoxNjUxODkyMDUzLCJqdGkiOiIxNzNlMTM2MDIwNTI0MjNkOGFlMTc5N2Y4ZmNiYmNlOSIsInVzZXJfaWQiOjJ9.H4uZnjdEoC0JHtRNseAVYGjRU8FtryZpQG-da9P70oU", "created_at": "2022-05-07T02:54:13.559Z", "expires_at": "2022-08-05T02:54:13Z"}}, {"model": "token_blacklist.outstandingtoken", "pk": 51, "fields": {"user": 2, "jti": "60c75fd5390c485c88fb9f7a37c4c0d2", "token": "eyJ0eXAiOiJKV1QiLCJhbGciOiJIUzI1NiJ9.eyJ0b2tlbl90eXBlIjoicmVmcmVzaCIsImV4cCI6MTY1OTY2ODQwMiwiaWF0IjoxNjUxODkyNDAyLCJqdGkiOiI2MGM3NWZkNTM5MGM0ODVjODhmYjlmN2EzN2M0YzBkMiIsInVzZXJfaWQiOjJ9.2z99qh2RHT74Tgk5XeFhQJIfa9QBUDD93f-PH2jmfSg", "created_at": "2022-05-07T03:00:02.152Z", "expires_at": "2022-08-05T03:00:02Z"}}, {"model": "token_blacklist.outstandingtoken", "pk": 52, "fields": {"user": 2, "jti": "3874dce2a7644664853ded312d80d0e3", "token": "eyJ0eXAiOiJKV1QiLCJhbGciOiJIUzI1NiJ9.eyJ0b2tlbl90eXBlIjoicmVmcmVzaCIsImV4cCI6MTY1OTY2ODQxMSwiaWF0IjoxNjUxODkyNDExLCJqdGkiOiIzODc0ZGNlMmE3NjQ0NjY0ODUzZGVkMzEyZDgwZDBlMyIsInVzZXJfaWQiOjJ9.W5DK4S4ViXhT7amcBA7HnIbvv62NasdFMrdU0NII-VY", "created_at": "2022-05-07T03:00:11.619Z", "expires_at": "2022-08-05T03:00:11Z"}}, {"model": "token_blacklist.outstandingtoken", "pk": 53, "fields": {"user": 2, "jti": "281c3c965d1c4e729fca81c57fc2f2e0", "token": "eyJ0eXAiOiJKV1QiLCJhbGciOiJIUzI1NiJ9.eyJ0b2tlbl90eXBlIjoicmVmcmVzaCIsImV4cCI6MTY1OTY2ODQyOSwiaWF0IjoxNjUxODkyNDI5LCJqdGkiOiIyODFjM2M5NjVkMWM0ZTcyOWZjYTgxYzU3ZmMyZjJlMCIsInVzZXJfaWQiOjJ9.bP23ojGInvljVeb7qCxiD1rP2hp7_UOKb_QEu9xJDWo", "created_at": "2022-05-07T03:00:29.040Z", "expires_at": "2022-08-05T03:00:29Z"}}, {"model": "token_blacklist.outstandingtoken", "pk": 54, "fields": {"user": 2, "jti": "d8c04a30bc634ae2b3f4992d912b8808", "token": "eyJ0eXAiOiJKV1QiLCJhbGciOiJIUzI1NiJ9.eyJ0b2tlbl90eXBlIjoicmVmcmVzaCIsImV4cCI6MTY1OTY2ODQ2NywiaWF0IjoxNjUxODkyNDY3LCJqdGkiOiJkOGMwNGEzMGJjNjM0YWUyYjNmNDk5MmQ5MTJiODgwOCIsInVzZXJfaWQiOjJ9.uguF4E7xNFkVeeU-kmb0P5XcU4LUGug5MsyM69uOXj0", "created_at": "2022-05-07T03:01:07.548Z", "expires_at": "2022-08-05T03:01:07Z"}}, {"model": "token_blacklist.outstandingtoken", "pk": 55, "fields": {"user": 2, "jti": "efe6b7bc3db64e678c436c790c7e88a4", "token": "eyJ0eXAiOiJKV1QiLCJhbGciOiJIUzI1NiJ9.eyJ0b2tlbl90eXBlIjoicmVmcmVzaCIsImV4cCI6MTY1OTY2ODQ5NiwiaWF0IjoxNjUxODkyNDk2LCJqdGkiOiJlZmU2YjdiYzNkYjY0ZTY3OGM0MzZjNzkwYzdlODhhNCIsInVzZXJfaWQiOjJ9.kN3tygHd-ONUMrdRqfHbS_DUO13sdIPipXB0JmALUG4", "created_at": "2022-05-07T03:01:36.774Z", "expires_at": "2022-08-05T03:01:36Z"}}, {"model": "token_blacklist.outstandingtoken", "pk": 56, "fields": {"user": null, "jti": "74b47c3cdeb2445f93409e58a1221557", "token": "eyJ0eXAiOiJKV1QiLCJhbGciOiJIUzI1NiJ9.eyJ0b2tlbl90eXBlIjoicmVmcmVzaCIsImV4cCI6MTY1OTY2ODQwMiwiaWF0IjoxNjUxODkyNDAyLCJqdGkiOiI3NGI0N2MzY2RlYjI0NDVmOTM0MDllNThhMTIyMTU1NyIsInVzZXJfaWQiOjIsImlkIjoyLCJlbWFpbCI6ImFzaHJhZjY0NTBAZ21haWwuY29tIiwiZmlyc3ROYW1lIjoiQXNocmFmIiwibGFzdE5hbWUiOiJFbGRhd29keSIsInBob25lTnVtYmVyIjoiMDE1NTA1MTg3NTIiLCJwcm9maWxlUGljdHVyZSI6IlVuaXF1ZV9JbnZlbnRpb25fRVBaTjcydi5qcGcifQ.z9m_hI9RjkqTY_gt0YQyxUAzussjSsD0_9GIFnE-LGI", "created_at": null, "expires_at": "2022-08-05T03:00:02Z"}}, {"model": "token_blacklist.outstandingtoken", "pk": 57, "fields": {"user": null, "jti": "cae63e0620534bb7b854a0901002611a", "token": "eyJ0eXAiOiJKV1QiLCJhbGciOiJIUzI1NiJ9.eyJ0b2tlbl90eXBlIjoicmVmcmVzaCIsImV4cCI6MTY1OTY2OTEyOSwiaWF0IjoxNjUxODkzMTI5LCJqdGkiOiJjYWU2M2UwNjIwNTM0YmI3Yjg1NGEwOTAxMDAyNjExYSIsInVzZXJfaWQiOjF9.7WkESXuSFzLGUGS0cHTGhGAAgX9EBi4J0LAUYjFCR4A", "created_at": "2022-05-07T03:12:09.568Z", "expires_at": "2022-08-05T03:12:09Z"}}, {"model": "token_blacklist.outstandingtoken", "pk": 58, "fields": {"user": null, "jti": "53ce456709e34495a8686e778dec06f7", "token": "eyJ0eXAiOiJKV1QiLCJhbGciOiJIUzI1NiJ9.eyJ0b2tlbl90eXBlIjoicmVmcmVzaCIsImV4cCI6MTY1OTg2NTIwMCwiaWF0IjoxNjUyMDg5MjAwLCJqdGkiOiI1M2NlNDU2NzA5ZTM0NDk1YTg2ODZlNzc4ZGVjMDZmNyIsInVzZXJfaWQiOjN9.mSpuioLyhsYLZtU5ay7ys-SVEz87Gwg06IBriayXt3w", "created_at": "2022-05-09T09:40:00.119Z", "expires_at": "2022-08-07T09:40:00Z"}}, {"model": "token_blacklist.outstandingtoken", "pk": 59, "fields": {"user": null, "jti": "0b8e565c25854ba3aaed35a98cb65d09", "token": "eyJ0eXAiOiJKV1QiLCJhbGciOiJIUzI1NiJ9.eyJ0b2tlbl90eXBlIjoicmVmcmVzaCIsImV4cCI6MTY1OTg2NjMzOCwiaWF0IjoxNjUyMDkwMzM4LCJqdGkiOiIwYjhlNTY1YzI1ODU0YmEzYWFlZDM1YTk4Y2I2NWQwOSIsInVzZXJfaWQiOjN9.rfivKkAqS5HFGzULvRT9E3MiHz1cJwUwgPyaN7SYfc0", "created_at": null, "expires_at": "2022-08-07T09:58:58Z"}}, {"model": "token_blacklist.outstandingtoken", "pk": 60, "fields": {"user": null, "jti": "1ec326c11b0b4a4583e71c763a3470de", "token": "eyJ0eXAiOiJKV1QiLCJhbGciOiJIUzI1NiJ9.eyJ0b2tlbl90eXBlIjoicmVmcmVzaCIsImV4cCI6MTY1OTg2NjY4OSwiaWF0IjoxNjUyMDkwNjg5LCJqdGkiOiIxZWMzMjZjMTFiMGI0YTQ1ODNlNzFjNzYzYTM0NzBkZSIsInVzZXJfaWQiOjN9.hdT_BFu8Ew1Dc_6m8ilL4-7N4Q3TRVwJ38shg205eoA", "created_at": null, "expires_at": "2022-08-07T10:04:49Z"}}, {"model": "token_blacklist.outstandingtoken", "pk": 62, "fields": {"user": null, "jti": "6386970cf1ec4ae3863d06171620b831", "token": "eyJ0eXAiOiJKV1QiLCJhbGciOiJIUzI1NiJ9.eyJ0b2tlbl90eXBlIjoicmVmcmVzaCIsImV4cCI6MTY1OTg2Njk4OSwiaWF0IjoxNjUyMDkwOTg5LCJqdGkiOiI2Mzg2OTcwY2YxZWM0YWUzODYzZDA2MTcxNjIwYjgzMSIsInVzZXJfaWQiOjN9.ji4bsA6przRr0Fno9PXPuI5WHQyAeDnyGzf_nDOemag", "created_at": null, "expires_at": "2022-08-07T10:09:49Z"}}, {"model": "token_blacklist.outstandingtoken", "pk": 64, "fields": {"user": null, "jti": "c956fca9493d4d65aaebf14100819582", "token": "eyJ0eXAiOiJKV1QiLCJhbGciOiJIUzI1NiJ9.eyJ0b2tlbl90eXBlIjoicmVmcmVzaCIsImV4cCI6MTY1OTg2ODM0NiwiaWF0IjoxNjUyMDkyMzQ2LCJqdGkiOiJjOTU2ZmNhOTQ5M2Q0ZDY1YWFlYmYxNDEwMDgxOTU4MiIsInVzZXJfaWQiOjN9.tGO0bl_7Eofge4IEMA6lyIZNUkrUBS9Ot7PLrb9Z5kg", "created_at": null, "expires_at": "2022-08-07T10:32:26Z"}}, {"model": "token_blacklist.outstandingtoken", "pk": 65, "fields": {"user": null, "jti": "8eef61f704cf43408629d2746c5f23b8", "token": "eyJ0eXAiOiJKV1QiLCJhbGciOiJIUzI1NiJ9.eyJ0b2tlbl90eXBlIjoicmVmcmVzaCIsImV4cCI6MTY1OTg3MDYzMSwiaWF0IjoxNjUyMDk0NjMxLCJqdGkiOiI4ZWVmNjFmNzA0Y2Y0MzQwODYyOWQyNzQ2YzVmMjNiOCIsInVzZXJfaWQiOjN9.gqw6sXzunogr350wcmHvqnsTV1JxN574GuXhI3_GwZo", "created_at": null, "expires_at": "2022-08-07T11:10:31Z"}}, {"model": "token_blacklist.outstandingtoken", "pk": 66, "fields": {"user": null, "jti": "01d2018935e244969e29f407453cdf33", "token": "eyJ0eXAiOiJKV1QiLCJhbGciOiJIUzI1NiJ9.eyJ0b2tlbl90eXBlIjoicmVmcmVzaCIsImV4cCI6MTY2MDIwNTc2MSwiaWF0IjoxNjUyNDI5NzYxLCJqdGkiOiIwMWQyMDE4OTM1ZTI0NDk2OWUyOWY0MDc0NTNjZGYzMyIsInVzZXJfaWQiOjN9.YREypMK-GUgpgFfLx4O9PvHboTNo6MIAoKo2EFPg3ok", "created_at": "2022-05-13T08:16:01.279Z", "expires_at": "2022-08-11T08:16:01Z"}}, {"model": "token_blacklist.outstandingtoken", "pk": 67, "fields": {"user": null, "jti": "fc970e9b1a084b8bba73174f06417c35", "token": "eyJ0eXAiOiJKV1QiLCJhbGciOiJIUzI1NiJ9.eyJ0b2tlbl90eXBlIjoicmVmcmVzaCIsImV4cCI6MTY2MDIwNjQ4NywiaWF0IjoxNjUyNDMwNDg3LCJqdGkiOiJmYzk3MGU5YjFhMDg0YjhiYmE3MzE3NGYwNjQxN2MzNSIsInVzZXJfaWQiOjN9.2lPLNFq-GSKLDlZ6TtVYuxshWhvzDd2nA5jZSndYUc8", "created_at": null, "expires_at": "2022-08-11T08:28:07Z"}}, {"model": "token_blacklist.outstandingtoken", "pk": 68, "fields": {"user": null, "jti": "fd670c63565c4ea9854e431dc16cfc3a", "token": "eyJ0eXAiOiJKV1QiLCJhbGciOiJIUzI1NiJ9.eyJ0b2tlbl90eXBlIjoicmVmcmVzaCIsImV4cCI6MTY2MDIwNjgxNSwiaWF0IjoxNjUyNDMwODE1LCJqdGkiOiJmZDY3MGM2MzU2NWM0ZWE5ODU0ZTQzMWRjMTZjZmMzYSIsInVzZXJfaWQiOjN9.u_v_wCvY0zNXtrddnBSjwUF4mIsubYnuelYVdzKMdJw", "created_at": null, "expires_at": "2022-08-11T08:33:35Z"}}, {"model": "token_blacklist.outstandingtoken", "pk": 70, "fields": {"user": null, "jti": "5f552074978f4926a912ec3bcd615b5d", "token": "eyJ0eXAiOiJKV1QiLCJhbGciOiJIUzI1NiJ9.eyJ0b2tlbl90eXBlIjoicmVmcmVzaCIsImV4cCI6MTY2MDIwNzIxMiwiaWF0IjoxNjUyNDMxMjEyLCJqdGkiOiI1ZjU1MjA3NDk3OGY0OTI2YTkxMmVjM2JjZDYxNWI1ZCIsInVzZXJfaWQiOjN9.oB8_Co70PFjQggTTDl_c_EJgVTUY7QMrnXhDw35wOrc", "created_at": null, "expires_at": "2022-08-11T08:40:12Z"}}, {"model": "token_blacklist.outstandingtoken", "pk": 71, "fields": {"user": null, "jti": "238c8ac296e04e17b3b106497c14141c", "token": "eyJ0eXAiOiJKV1QiLCJhbGciOiJIUzI1NiJ9.eyJ0b2tlbl90eXBlIjoicmVmcmVzaCIsImV4cCI6MTY2MDIwNzg0NiwiaWF0IjoxNjUyNDMxODQ2LCJqdGkiOiIyMzhjOGFjMjk2ZTA0ZTE3YjNiMTA2NDk3YzE0MTQxYyIsInVzZXJfaWQiOjN9.gfdUWh77u_k-HLcPFOqR0hCeOryujWo7ITfPcy5FKjc", "created_at": null, "expires_at": "2022-08-11T08:50:46Z"}}, {"model": "token_blacklist.outstandingtoken", "pk": 72, "fields": {"user": null, "jti": "1d2beaa4ba724b3abb67377a06a1e18f", "token": "eyJ0eXAiOiJKV1QiLCJhbGciOiJIUzI1NiJ9.eyJ0b2tlbl90eXBlIjoicmVmcmVzaCIsImV4cCI6MTY2MDIwODI1MCwiaWF0IjoxNjUyNDMyMjUwLCJqdGkiOiIxZDJiZWFhNGJhNzI0YjNhYmI2NzM3N2EwNmExZTE4ZiIsInVzZXJfaWQiOjN9.gtWNS9kOIrgqRc_q30LeEhUHnc13dqVED_-xSrsMP2Y", "created_at": null, "expires_at": "2022-08-11T08:57:30Z"}}, {"model": "token_blacklist.outstandingtoken", "pk": 73, "fields": {"user": null, "jti": "339b38bca1494055bbd40242a5830795", "token": "eyJ0eXAiOiJKV1QiLCJhbGciOiJIUzI1NiJ9.eyJ0b2tlbl90eXBlIjoicmVmcmVzaCIsImV4cCI6MTY2MDIwODc3NSwiaWF0IjoxNjUyNDMyNzc1LCJqdGkiOiIzMzliMzhiY2ExNDk0MDU1YmJkNDAyNDJhNTgzMDc5NSIsInVzZXJfaWQiOjN9.vlmRTLk7ZzzcGTnSCLc_bgHaoOpM8drarWOuzqaOL3o", "created_at": null, "expires_at": "2022-08-11T09:06:15Z"}}, {"model": "token_blacklist.outstandingtoken", "pk": 74, "fields": {"user": null, "jti": "a146d14b8324402db39cd689e5ecb64b", "token": "eyJ0eXAiOiJKV1QiLCJhbGciOiJIUzI1NiJ9.eyJ0b2tlbl90eXBlIjoicmVmcmVzaCIsImV4cCI6MTY2MDIwOTQ1MiwiaWF0IjoxNjUyNDMzNDUyLCJqdGkiOiJhMTQ2ZDE0YjgzMjQ0MDJkYjM5Y2Q2ODllNWVjYjY0YiIsInVzZXJfaWQiOjN9.l8zRI10R8hzDP1VwZ4tMPSIoTOHrvUAGOIE0c_p_N24", "created_at": null, "expires_at": "2022-08-11T09:17:32Z"}}, {"model": "token_blacklist.outstandingtoken", "pk": 76, "fields": {"user": null, "jti": "cba82c26475c4a39a9bc8f6cb6851a83", "token": "eyJ0eXAiOiJKV1QiLCJhbGciOiJIUzI1NiJ9.eyJ0b2tlbl90eXBlIjoicmVmcmVzaCIsImV4cCI6MTY2MDIxMDE4MSwiaWF0IjoxNjUyNDM0MTgxLCJqdGkiOiJjYmE4MmMyNjQ3NWM0YTM5YTliYzhmNmNiNjg1MWE4MyIsInVzZXJfaWQiOjN9.2EY17v83GRXi1_3gUoMQpmgRziJ7s2waxR5A5_LRDJQ", "created_at": "2022-05-13T09:29:41.891Z", "expires_at": "2022-08-11T09:29:41Z"}}, {"model": "token_blacklist.outstandingtoken", "pk": 77, "fields": {"user": null, "jti": "3d57d41f6789407b80ef5331b6eb301e", "token": "eyJ0eXAiOiJKV1QiLCJhbGciOiJIUzI1NiJ9.eyJ0b2tlbl90eXBlIjoicmVmcmVzaCIsImV4cCI6MTY2MDIxMDYzMCwiaWF0IjoxNjUyNDM0NjMwLCJqdGkiOiIzZDU3ZDQxZjY3ODk0MDdiODBlZjUzMzFiNmViMzAxZSIsInVzZXJfaWQiOjN9.Nxf7cUIoOkDdLEzMKc6tUoRbRV_-aNw7ds_fPAeTuqU", "created_at": null, "expires_at": "2022-08-11T09:37:10Z"}}, {"model": "token_blacklist.outstandingtoken", "pk": 78, "fields": {"user": null, "jti": "6b1cc22a79364a1086d91040f7ab166a", "token": "eyJ0eXAiOiJKV1QiLCJhbGciOiJIUzI1NiJ9.eyJ0b2tlbl90eXBlIjoicmVmcmVzaCIsImV4cCI6MTY2MDIxMTAwNywiaWF0IjoxNjUyNDM1MDA3LCJqdGkiOiI2YjFjYzIyYTc5MzY0YTEwODZkOTEwNDBmN2FiMTY2YSIsInVzZXJfaWQiOjN9.iSn-zxtq_luBpmoqzjtCTBA8V8cXoocQhy1TOjIta5I", "created_at": "2022-05-13T09:43:27.422Z", "expires_at": "2022-08-11T09:43:27Z"}}, {"model": "token_blacklist.outstandingtoken", "pk": 79, "fields": {"user": null, "jti": "d46af8c0c7f4445f95b0cccc9685d1eb", "token": "eyJ0eXAiOiJKV1QiLCJhbGciOiJIUzI1NiJ9.eyJ0b2tlbl90eXBlIjoicmVmcmVzaCIsImV4cCI6MTY2MDIxMTMyMSwiaWF0IjoxNjUyNDM1MzIxLCJqdGkiOiJkNDZhZjhjMGM3ZjQ0NDVmOTViMGNjY2M5Njg1ZDFlYiIsInVzZXJfaWQiOjN9.jG7VEgUCwaytE0GZnUUSja36Rd9oMnt8PS1n0ACdio8", "created_at": null, "expires_at": "2022-08-11T09:48:41Z"}}, {"model": "token_blacklist.outstandingtoken", "pk": 80, "fields": {"user": null, "jti": "e54a3c2cb74246ee9e3c41d675b480ae", "token": "eyJ0eXAiOiJKV1QiLCJhbGciOiJIUzI1NiJ9.eyJ0b2tlbl90eXBlIjoicmVmcmVzaCIsImV4cCI6MTY2MDIxMTY4MiwiaWF0IjoxNjUyNDM1NjgyLCJqdGkiOiJlNTRhM2MyY2I3NDI0NmVlOWUzYzQxZDY3NWI0ODBhZSIsInVzZXJfaWQiOjN9.In4_aRBOpnZVG31buick7lk8JmIMHgPIm0sOAWoxrxQ", "created_at": null, "expires_at": "2022-08-11T09:54:42Z"}}, {"model": "token_blacklist.outstandingtoken", "pk": 81, "fields": {"user": 2, "jti": "0781046bf3c449168b219cceeadc7e1d", "token": "eyJ0eXAiOiJKV1QiLCJhbGciOiJIUzI1NiJ9.eyJ0b2tlbl90eXBlIjoicmVmcmVzaCIsImV4cCI6MTY2MDIxMjA5MCwiaWF0IjoxNjUyNDM2MDkwLCJqdGkiOiIwNzgxMDQ2YmYzYzQ0OTE2OGIyMTljY2VlYWRjN2UxZCIsInVzZXJfaWQiOjJ9.PYLcCcv0_XybyLteFoSlbx8AZqoWElIIYw8xHr7EfQs", "created_at": "2022-05-13T10:01:30.387Z", "expires_at": "2022-08-11T10:01:30Z"}}, {"model": "token_blacklist.outstandingtoken", "pk": 82, "fields": {"user": null, "jti": "53b888cbd8754563bf71f83ef894a722", "token": "eyJ0eXAiOiJKV1QiLCJhbGciOiJIUzI1NiJ9.eyJ0b2tlbl90eXBlIjoicmVmcmVzaCIsImV4cCI6MTY2MDIxMjAzMCwiaWF0IjoxNjUyNDM2MDMwLCJqdGkiOiI1M2I4ODhjYmQ4NzU0NTYzYmY3MWY4M2VmODk0YTcyMiIsInVzZXJfaWQiOjN9.BVKyfeMyq1pOpJtaIbYLlCFsjb3bNujZ7cugMqxrEG0", "created_at": null, "expires_at": "2022-08-11T10:00:30Z"}}, {"model": "token_blacklist.outstandingtoken", "pk": 83, "fields": {"user": null, "jti": "67f4c7a59c4a4c2986e3a103fbbaff5f", "token": "eyJ0eXAiOiJKV1QiLCJhbGciOiJIUzI1NiJ9.eyJ0b2tlbl90eXBlIjoicmVmcmVzaCIsImV4cCI6MTY2MDIxMjMzOCwiaWF0IjoxNjUyNDM2MzM4LCJqdGkiOiI2N2Y0YzdhNTljNGE0YzI5ODZlM2ExMDNmYmJhZmY1ZiIsInVzZXJfaWQiOjN9.GIMbr8483JTq9vL6aNHL564vBoCrvd4uAcxHeydz2Dw", "created_at": null, "expires_at": "2022-08-11T10:05:38Z"}}, {"model": "token_blacklist.outstandingtoken", "pk": 84, "fields": {"user": null, "jti": "eb49445915d44233b73d779ad3a31f32", "token": "eyJ0eXAiOiJKV1QiLCJhbGciOiJIUzI1NiJ9.eyJ0b2tlbl90eXBlIjoicmVmcmVzaCIsImV4cCI6MTY2MDIxMjY4MywiaWF0IjoxNjUyNDM2NjgzLCJqdGkiOiJlYjQ5NDQ1OTE1ZDQ0MjMzYjczZDc3OWFkM2EzMWYzMiIsInVzZXJfaWQiOjN9.EfQ5B322ePTHhznzA5eQmmaGtAluY7AC_6p85HbZtmU", "created_at": null, "expires_at": "2022-08-11T10:11:23Z"}}, {"model": "token_blacklist.outstandingtoken", "pk": 85, "fields": {"user": null, "jti": "2be6806e69154469a9709b0fde177476", "token": "eyJ0eXAiOiJKV1QiLCJhbGciOiJIUzI1NiJ9.eyJ0b2tlbl90eXBlIjoicmVmcmVzaCIsImV4cCI6MTY2MDIxMzIxNCwiaWF0IjoxNjUyNDM3MjE0LCJqdGkiOiIyYmU2ODA2ZTY5MTU0NDY5YTk3MDliMGZkZTE3NzQ3NiIsInVzZXJfaWQiOjN9.eC_HjAOtL8egjGn6jLdZ_5rvY0FgZ8lg0j-trGDLy0Q", "created_at": null, "expires_at": "2022-08-11T10:20:14Z"}}, {"model": "token_blacklist.outstandingtoken", "pk": 86, "fields": {"user": null, "jti": "7b8cc13bd8e04fecb1d90c82ff3a213e", "token": "eyJ0eXAiOiJKV1QiLCJhbGciOiJIUzI1NiJ9.eyJ0b2tlbl90eXBlIjoicmVmcmVzaCIsImV4cCI6MTY2MDIxMzU3OSwiaWF0IjoxNjUyNDM3NTc5LCJqdGkiOiI3YjhjYzEzYmQ4ZTA0ZmVjYjFkOTBjODJmZjNhMjEzZSIsInVzZXJfaWQiOjN9.m2eO1xxdniU9gBBRXD1AHZ00rLFos3HmQHznG_pdK1w", "created_at": null, "expires_at": "2022-08-11T10:26:19Z"}}, {"model": "token_blacklist.outstandingtoken", "pk": 87, "fields": {"user": null, "jti": "4716f1a6d26a4d7fa8b7afbba44e259b", "token": "eyJ0eXAiOiJKV1QiLCJhbGciOiJIUzI1NiJ9.eyJ0b2tlbl90eXBlIjoicmVmcmVzaCIsImV4cCI6MTY2MDIxMzkwMywiaWF0IjoxNjUyNDM3OTAzLCJqdGkiOiI0NzE2ZjFhNmQyNmE0ZDdmYThiN2FmYmJhNDRlMjU5YiIsInVzZXJfaWQiOjN9.N3pnZY4IdtiucAd4ZYEXPPruEEcQz05qloSRFJ7NCfI", "created_at": null, "expires_at": "2022-08-11T10:31:43Z"}}, {"model": "token_blacklist.outstandingtoken", "pk": 89, "fields": {"user": 2, "jti": "eabff9a1f20d4ee0927459a526633c01", "token": "eyJ0eXAiOiJKV1QiLCJhbGciOiJIUzI1NiJ9.eyJ0b2tlbl90eXBlIjoicmVmcmVzaCIsImV4cCI6MTY2MDIxNDYxOSwiaWF0IjoxNjUyNDM4NjE5LCJqdGkiOiJlYWJmZjlhMWYyMGQ0ZWUwOTI3NDU5YTUyNjYzM2MwMSIsInVzZXJfaWQiOjJ9.mSMNQKgIAwiLI8ePjAK6CU2GFQ8ijT9wRGgSQLd4ha0", "created_at": "2022-05-13T10:43:39.706Z", "expires_at": "2022-08-11T10:43:39Z"}}, {"model": "token_blacklist.outstandingtoken", "pk": 90, "fields": {"user": 2, "jti": "f73b7ce39c314122bce409fa08ebbab0", "token": "eyJ0eXAiOiJKV1QiLCJhbGciOiJIUzI1NiJ9.eyJ0b2tlbl90eXBlIjoicmVmcmVzaCIsImV4cCI6MTY2MDIxNDkyOSwiaWF0IjoxNjUyNDM4OTI5LCJqdGkiOiJmNzNiN2NlMzljMzE0MTIyYmNlNDA5ZmEwOGViYmFiMCIsInVzZXJfaWQiOjJ9.tP61k8HCt9p80yhmv9Fwk_AS-KBXLpJJ41GxxZD9koQ", "created_at": "2022-05-13T10:48:49.299Z", "expires_at": "2022-08-11T10:48:49Z"}}, {"model": "token_blacklist.outstandingtoken", "pk": 91, "fields": {"user": 2, "jti": "f7d2376e17cc44f2b6d07ca61406e35b", "token": "eyJ0eXAiOiJKV1QiLCJhbGciOiJIUzI1NiJ9.eyJ0b2tlbl90eXBlIjoicmVmcmVzaCIsImV4cCI6MTY2MDIxNDk2MSwiaWF0IjoxNjUyNDM4OTYxLCJqdGkiOiJmN2QyMzc2ZTE3Y2M0NGYyYjZkMDdjYTYxNDA2ZTM1YiIsInVzZXJfaWQiOjJ9.5qtZiEonM0_KBPv4ERrHkwQLAXBBwqiH4QIHSuPHg2A", "created_at": "2022-05-13T10:49:21.493Z", "expires_at": "2022-08-11T10:49:21Z"}}, {"model": "token_blacklist.outstandingtoken", "pk": 92, "fields": {"user": null, "jti": "7c8a284f07fb4fa4a061f9e1c94cd6d7", "token": "eyJ0eXAiOiJKV1QiLCJhbGciOiJIUzI1NiJ9.eyJ0b2tlbl90eXBlIjoicmVmcmVzaCIsImV4cCI6MTY2MDIxNDI0MiwiaWF0IjoxNjUyNDM4MjQyLCJqdGkiOiI3YzhhMjg0ZjA3ZmI0ZmE0YTA2MWY5ZTFjOTRjZDZkNyIsInVzZXJfaWQiOjN9.EFgPeBpQOoc9fjr84sQZbH3Lth7uNG98Ppp7G1Dl45Y", "created_at": null, "expires_at": "2022-08-11T10:37:22Z"}}, {"model": "token_blacklist.outstandingtoken", "pk": 93, "fields": {"user": 2, "jti": "ddb291204b144918a5f03a562be30d92", "token": "eyJ0eXAiOiJKV1QiLCJhbGciOiJIUzI1NiJ9.eyJ0b2tlbl90eXBlIjoicmVmcmVzaCIsImV4cCI6MTY2MDIxNTgyMywiaWF0IjoxNjUyNDM5ODIzLCJqdGkiOiJkZGIyOTEyMDRiMTQ0OTE4YTVmMDNhNTYyYmUzMGQ5MiIsInVzZXJfaWQiOjJ9.O0Zpak4iJittRE_E_e9eM5XPklIsororIIyXbrmgCQY", "created_at": "2022-05-13T11:03:43.158Z", "expires_at": "2022-08-11T11:03:43Z"}}, {"model": "token_blacklist.outstandingtoken", "pk": 94, "fields": {"user": null, "jti": "1544a5687d584d1c8f7f5208feb9472f", "token": "eyJ0eXAiOiJKV1QiLCJhbGciOiJIUzI1NiJ9.eyJ0b2tlbl90eXBlIjoicmVmcmVzaCIsImV4cCI6MTY2MDIxNTA2MiwiaWF0IjoxNjUyNDM5MDYyLCJqdGkiOiIxNTQ0YTU2ODdkNTg0ZDFjOGY3ZjUyMDhmZWI5NDcyZiIsInVzZXJfaWQiOjN9.XIdLtFA_Gn8n9boyeGG1I8yFV0-Z5LytZerskObeDSc", "created_at": null, "expires_at": "2022-08-11T10:51:02Z"}}, {"model": "token_blacklist.outstandingtoken", "pk": 95, "fields": {"user": null, "jti": "f8ebbcf994e9402c8be18c7dbfe00c81", "token": "eyJ0eXAiOiJKV1QiLCJhbGciOiJIUzI1NiJ9.eyJ0b2tlbl90eXBlIjoicmVmcmVzaCIsImV4cCI6MTY2MDIxNjExMiwiaWF0IjoxNjUyNDQwMTEyLCJqdGkiOiJmOGViYmNmOTk0ZTk0MDJjOGJlMThjN2RiZmUwMGM4MSIsInVzZXJfaWQiOjN9.ZKwh8aygk6m2I1O1G4tF1U-HmvBjBAdfL9bg-L32dg8", "created_at": null, "expires_at": "2022-08-11T11:08:32Z"}}, {"model": "token_blacklist.outstandingtoken", "pk": 96, "fields": {"user": null, "jti": "7ef9212d057a41c9803fbb20252fcaef", "token": "eyJ0eXAiOiJKV1QiLCJhbGciOiJIUzI1NiJ9.eyJ0b2tlbl90eXBlIjoicmVmcmVzaCIsImV4cCI6MTY2MDIxNjQzOSwiaWF0IjoxNjUyNDQwNDM5LCJqdGkiOiI3ZWY5MjEyZDA1N2E0MWM5ODAzZmJiMjAyNTJmY2FlZiIsInVzZXJfaWQiOjN9.pRDW32Y8lTSc-Hbq-SEoNk-teMva5Z64yveXIkQwG_I", "created_at": null, "expires_at": "2022-08-11T11:13:59Z"}}, {"model": "token_blacklist.outstandingtoken", "pk": 97, "fields": {"user": null, "jti": "9d50357c80d5471a8ab4416738d1bae4", "token": "eyJ0eXAiOiJKV1QiLCJhbGciOiJIUzI1NiJ9.eyJ0b2tlbl90eXBlIjoicmVmcmVzaCIsImV4cCI6MTY2MDIxNjc4NSwiaWF0IjoxNjUyNDQwNzg1LCJqdGkiOiI5ZDUwMzU3YzgwZDU0NzFhOGFiNDQxNjczOGQxYmFlNCIsInVzZXJfaWQiOjN9.PfnENni6c6nKN79wnWNKglp5wP-Fa2iw4OVUTQ2Gc-I", "created_at": null, "expires_at": "2022-08-11T11:19:45Z"}}, {"model": "token_blacklist.outstandingtoken", "pk": 98, "fields": {"user": 2, "jti": "e5c6ade7496d4598b88e24c4ae6eff90", "token": "eyJ0eXAiOiJKV1QiLCJhbGciOiJIUzI1NiJ9.eyJ0b2tlbl90eXBlIjoicmVmcmVzaCIsImV4cCI6MTY2MDIxNzQ3NSwiaWF0IjoxNjUyNDQxNDc1LCJqdGkiOiJlNWM2YWRlNzQ5NmQ0NTk4Yjg4ZTI0YzRhZTZlZmY5MCIsInVzZXJfaWQiOjJ9.UzAKQ8JqypCFMBQIqnc0iYiG3qaxbspisCMKVZn2_h4", "created_at": "2022-05-13T11:31:15.076Z", "expires_at": "2022-08-11T11:31:15Z"}}, {"model": "token_blacklist.outstandingtoken", "pk": 99, "fields": {"user": null, "jti": "e6b35cea21dc4852b817ed1d421a352c", "token": "eyJ0eXAiOiJKV1QiLCJhbGciOiJIUzI1NiJ9.eyJ0b2tlbl90eXBlIjoicmVmcmVzaCIsImV4cCI6MTY2MDIxNzE1NSwiaWF0IjoxNjUyNDQxMTU1LCJqdGkiOiJlNmIzNWNlYTIxZGM0ODUyYjgxN2VkMWQ0MjFhMzUyYyIsInVzZXJfaWQiOjN9.yoeWgQhlHWwkPn5iLJf-3kwTelz0UFmysYNDApqsMSY", "created_at": null, "expires_at": "2022-08-11T11:25:55Z"}}, {"model": "token_blacklist.outstandingtoken", "pk": 100, "fields": {"user": null, "jti": "66922163290545b78b035af5aadd94ba", "token": "eyJ0eXAiOiJKV1QiLCJhbGciOiJIUzI1NiJ9.eyJ0b2tlbl90eXBlIjoicmVmcmVzaCIsImV4cCI6MTY2MDIxNzQ3NiwiaWF0IjoxNjUyNDQxNDc2LCJqdGkiOiI2NjkyMjE2MzI5MDU0NWI3OGIwMzVhZjVhYWRkOTRiYSIsInVzZXJfaWQiOjN9.eX82em0eYXD0-_fOdD55IRTq37SRvXSdezCqHfnje-c", "created_at": null, "expires_at": "2022-08-11T11:31:16Z"}}, {"model": "token_blacklist.outstandingtoken", "pk": 101, "fields": {"user": null, "jti": "30e748055e6e4cbd918f0a5d77d2f188", "token": "eyJ0eXAiOiJKV1QiLCJhbGciOiJIUzI1NiJ9.eyJ0b2tlbl90eXBlIjoicmVmcmVzaCIsImV4cCI6MTY2MDIxNzkxOSwiaWF0IjoxNjUyNDQxOTE5LCJqdGkiOiIzMGU3NDgwNTVlNmU0Y2JkOTE4ZjBhNWQ3N2QyZjE4OCIsInVzZXJfaWQiOjN9.Matbltv_HZGuc1NQZdEaZUW3fm4f5FUm5upporXfNI8", "created_at": null, "expires_at": "2022-08-11T11:38:39Z"}}, {"model": "token_blacklist.outstandingtoken", "pk": 102, "fields": {"user": null, "jti": "9f937531857443d1b9be00902e28e79d", "token": "eyJ0eXAiOiJKV1QiLCJhbGciOiJIUzI1NiJ9.eyJ0b2tlbl90eXBlIjoicmVmcmVzaCIsImV4cCI6MTY2MDIxODIyOCwiaWF0IjoxNjUyNDQyMjI4LCJqdGkiOiI5ZjkzNzUzMTg1NzQ0M2QxYjliZTAwOTAyZTI4ZTc5ZCIsInVzZXJfaWQiOjN9.gcRECcyn9m90p44POreB7FvVzQrNrYbm7W_rRVFEvxQ", "created_at": null, "expires_at": "2022-08-11T11:43:48Z"}}, {"model": "token_blacklist.outstandingtoken", "pk": 104, "fields": {"user": null, "jti": "b1ab71852b154b7baca3266981e28970", "token": "eyJ0eXAiOiJKV1QiLCJhbGciOiJIUzI1NiJ9.eyJ0b2tlbl90eXBlIjoicmVmcmVzaCIsImV4cCI6MTY2MDI2MzY4MywiaWF0IjoxNjUyNDg3NjgzLCJqdGkiOiJiMWFiNzE4NTJiMTU0YjdiYWNhMzI2Njk4MWUyODk3MCIsInVzZXJfaWQiOjN9.P4T9S9b5HObsZvvjVJzu_dzcqhA_jQTAX4pHCEhez3o", "created_at": null, "expires_at": "2022-08-12T00:21:23Z"}}, {"model": "token_blacklist.outstandingtoken", "pk": 106, "fields": {"user": null, "jti": "eeeeebb23c67484695846128eb061e99", "token": "eyJ0eXAiOiJKV1QiLCJhbGciOiJIUzI1NiJ9.eyJ0b2tlbl90eXBlIjoicmVmcmVzaCIsImV4cCI6MTY2MDI3MzQ0MSwiaWF0IjoxNjUyNDk3NDQxLCJqdGkiOiJlZWVlZWJiMjNjNjc0ODQ2OTU4NDYxMjhlYjA2MWU5OSIsInVzZXJfaWQiOjN9.YCq6Fdl45OCqmMMclJwVbnWkX3OQ4XzzqPEOQOap-NY", "created_at": null, "expires_at": "2022-08-12T03:04:01Z"}}, {"model": "token_blacklist.outstandingtoken", "pk": 107, "fields": {"user": null, "jti": "fe73f2f1c02c450babb9932121ff8a17", "token": "eyJ0eXAiOiJKV1QiLCJhbGciOiJIUzI1NiJ9.eyJ0b2tlbl90eXBlIjoicmVmcmVzaCIsImV4cCI6MTY2MDI3Mzg5MCwiaWF0IjoxNjUyNDk3ODkwLCJqdGkiOiJmZTczZjJmMWMwMmM0NTBiYWJiOTkzMjEyMWZmOGExNyIsInVzZXJfaWQiOjN9.049_lVY0hFhnhOXn2drTkRKhnPrbkrC5s0T_aO6s_LY", "created_at": null, "expires_at": "2022-08-12T03:11:30Z"}}, {"model": "token_blacklist.outstandingtoken", "pk": 108, "fields": {"user": null, "jti": "986822cb6b8e4f58bb11d9dc751a469a", "token": "eyJ0eXAiOiJKV1QiLCJhbGciOiJIUzI1NiJ9.eyJ0b2tlbl90eXBlIjoicmVmcmVzaCIsImV4cCI6MTY2MDI3NDI5OCwiaWF0IjoxNjUyNDk4Mjk4LCJqdGkiOiI5ODY4MjJjYjZiOGU0ZjU4YmIxMWQ5ZGM3NTFhNDY5YSIsInVzZXJfaWQiOjN9.5ZNRx_DHCbh-SfyDXuVupvHLNi9DNSnQzBtgAE80fCU", "created_at": null, "expires_at": "2022-08-12T03:18:18Z"}}, {"model": "token_blacklist.outstandingtoken", "pk": 109, "fields": {"user": null, "jti": "ba3b11f690604435b4650fea99ef3152", "token": "eyJ0eXAiOiJKV1QiLCJhbGciOiJIUzI1NiJ9.eyJ0b2tlbl90eXBlIjoicmVmcmVzaCIsImV4cCI6MTY2MDI3NTgwNCwiaWF0IjoxNjUyNDk5ODA0LCJqdGkiOiJiYTNiMTFmNjkwNjA0NDM1YjQ2NTBmZWE5OWVmMzE1MiIsInVzZXJfaWQiOjN9.s1o2__AWOxnRxfSo9jL2MulbapmBcSuVeey2n9egrRg", "created_at": null, "expires_at": "2022-08-12T03:43:24Z"}}, {"model": "token_blacklist.outstandingtoken", "pk": 110, "fields": {"user": null, "jti": "68fea69e90ed4c60bfdf385397054b51", "token": "eyJ0eXAiOiJKV1QiLCJhbGciOiJIUzI1NiJ9.eyJ0b2tlbl90eXBlIjoicmVmcmVzaCIsImV4cCI6MTY2MDI3NjM0OCwiaWF0IjoxNjUyNTAwMzQ4LCJqdGkiOiI2OGZlYTY5ZTkwZWQ0YzYwYmZkZjM4NTM5NzA1NGI1MSIsInVzZXJfaWQiOjN9.xaf46ZtZGHA2r4KO8LZvB8xRpOmJqaFKMOPG6KVbB1E", "created_at": null, "expires_at": "2022-08-12T03:52:28Z"}}, {"model": "token_blacklist.outstandingtoken", "pk": 111, "fields": {"user": null, "jti": "c365d6af451e49eb82ad4d40508ae086", "token": "eyJ0eXAiOiJKV1QiLCJhbGciOiJIUzI1NiJ9.eyJ0b2tlbl90eXBlIjoicmVmcmVzaCIsImV4cCI6MTY2MDI3NjcxMywiaWF0IjoxNjUyNTAwNzEzLCJqdGkiOiJjMzY1ZDZhZjQ1MWU0OWViODJhZDRkNDA1MDhhZTA4NiIsInVzZXJfaWQiOjN9.u_d7lYgcco_nbMMBplKnBRqilOq4ogmrELnknN1scXw", "created_at": null, "expires_at": "2022-08-12T03:58:33Z"}}, {"model": "token_blacklist.outstandingtoken", "pk": 112, "fields": {"user": null, "jti": "ac9e53dc99e44187bc8afc18cd871338", "token": "eyJ0eXAiOiJKV1QiLCJhbGciOiJIUzI1NiJ9.eyJ0b2tlbl90eXBlIjoicmVmcmVzaCIsImV4cCI6MTY2MDI3NzA2NCwiaWF0IjoxNjUyNTAxMDY0LCJqdGkiOiJhYzllNTNkYzk5ZTQ0MTg3YmM4YWZjMThjZDg3MTMzOCIsInVzZXJfaWQiOjN9.jXZJ3C-w-Win-gtiKuF8dt5zsYUAIarM69CQp3FX9Dk", "created_at": null, "expires_at": "2022-08-12T04:04:24Z"}}, {"model": "token_blacklist.outstandingtoken", "pk": 113, "fields": {"user": null, "jti": "75ed140344b243ed85c1ede8b422c096", "token": "eyJ0eXAiOiJKV1QiLCJhbGciOiJIUzI1NiJ9.eyJ0b2tlbl90eXBlIjoicmVmcmVzaCIsImV4cCI6MTY2MDM3NDczOCwiaWF0IjoxNjUyNTk4NzM4LCJqdGkiOiI3NWVkMTQwMzQ0YjI0M2VkODVjMWVkZThiNDIyYzA5NiIsInVzZXJfaWQiOjN9.0WncRAytfWGJXGTU5hPgrBDxH9MIMS4pTs1IIJzpTLs", "created_at": null, "expires_at": "2022-08-13T07:12:18Z"}}, {"model": "token_blacklist.outstandingtoken", "pk": 114, "fields": {"user": null, "jti": "0fade675a5504ef9bf06da2eb1fdfd25", "token": "eyJ0eXAiOiJKV1QiLCJhbGciOiJIUzI1NiJ9.eyJ0b2tlbl90eXBlIjoicmVmcmVzaCIsImV4cCI6MTY2MDM3NTcyNiwiaWF0IjoxNjUyNTk5NzI2LCJqdGkiOiIwZmFkZTY3NWE1NTA0ZWY5YmYwNmRhMmViMWZkZmQyNSIsInVzZXJfaWQiOjN9.Xcgm5lYcFWtwHIBRFUyhIea0dpcU2jwWwJ1RV5__2ao", "created_at": null, "expires_at": "2022-08-13T07:28:46Z"}}, {"model": "token_blacklist.outstandingtoken", "pk": 115, "fields": {"user": null, "jti": "b417cb3ffc704022a2ca4ca6c920fa21", "token": "eyJ0eXAiOiJKV1QiLCJhbGciOiJIUzI1NiJ9.eyJ0b2tlbl90eXBlIjoicmVmcmVzaCIsImV4cCI6MTY2MDM3NjM0NiwiaWF0IjoxNjUyNjAwMzQ2LCJqdGkiOiJiNDE3Y2IzZmZjNzA0MDIyYTJjYTRjYTZjOTIwZmEyMSIsInVzZXJfaWQiOjN9.NPQZQg2RmczDI8mhuFQNx7GmYbClBmxX_a_E85na4tw", "created_at": null, "expires_at": "2022-08-13T07:39:06Z"}}, {"model": "token_blacklist.outstandingtoken", "pk": 116, "fields": {"user": null, "jti": "5e41f2ec5b584a2a89d6b3c95c32e230", "token": "eyJ0eXAiOiJKV1QiLCJhbGciOiJIUzI1NiJ9.eyJ0b2tlbl90eXBlIjoicmVmcmVzaCIsImV4cCI6MTY2MDM3NzM4NiwiaWF0IjoxNjUyNjAxMzg2LCJqdGkiOiI1ZTQxZjJlYzViNTg0YTJhODlkNmIzYzk1YzMyZTIzMCIsInVzZXJfaWQiOjN9.anEjdjm0me5X8KiXLTEe9kB0yqoYWvHv_C6TRPpTeyE", "created_at": null, "expires_at": "2022-08-13T07:56:26Z"}}, {"model": "token_blacklist.outstandingtoken", "pk": 117, "fields": {"user": null, "jti": "7e927386c327471fb1b5880eea3677bb", "token": "eyJ0eXAiOiJKV1QiLCJhbGciOiJIUzI1NiJ9.eyJ0b2tlbl90eXBlIjoicmVmcmVzaCIsImV4cCI6MTY2MDM3Nzg1MSwiaWF0IjoxNjUyNjAxODUxLCJqdGkiOiI3ZTkyNzM4NmMzMjc0NzFmYjFiNTg4MGVlYTM2NzdiYiIsInVzZXJfaWQiOjN9.hqa_9sYc_OROzDWtVjxgjCTmm2q7xhgOHl1jGdUX0G8", "created_at": null, "expires_at": "2022-08-13T08:04:11Z"}}, {"model": "token_blacklist.outstandingtoken", "pk": 118, "fields": {"user": null, "jti": "a5372610a03942c193d3e67a5d401297", "token": "eyJ0eXAiOiJKV1QiLCJhbGciOiJIUzI1NiJ9.eyJ0b2tlbl90eXBlIjoicmVmcmVzaCIsImV4cCI6MTY2MDM4MDMxMSwiaWF0IjoxNjUyNjA0MzExLCJqdGkiOiJhNTM3MjYxMGEwMzk0MmMxOTNkM2U2N2E1ZDQwMTI5NyIsInVzZXJfaWQiOjN9.U4r1sYLhR07ASzclcoHDm-UkVG6c5tcYDiyMcjZXcBw", "created_at": null, "expires_at": "2022-08-13T08:45:11Z"}}, {"model": "token_blacklist.outstandingtoken", "pk": 120, "fields": {"user": null, "jti": "5c7c45766f61464ea4a2fc5dedee22e5", "token": "eyJ0eXAiOiJKV1QiLCJhbGciOiJIUzI1NiJ9.eyJ0b2tlbl90eXBlIjoicmVmcmVzaCIsImV4cCI6MTY2MDM4NTQzOCwiaWF0IjoxNjUyNjA5NDM4LCJqdGkiOiI1YzdjNDU3NjZmNjE0NjRlYTRhMmZjNWRlZGVlMjJlNSIsInVzZXJfaWQiOjN9.EY7yX8uakDVXxAVHDkRIrQIpRpA1C2nwWr8Vb_s2oqI", "created_at": null, "expires_at": "2022-08-13T10:10:38Z"}}, {"model": "token_blacklist.outstandingtoken", "pk": 121, "fields": {"user": null, "jti": "e9b3473c848a482ca464168fd781f56d", "token": "eyJ0eXAiOiJKV1QiLCJhbGciOiJIUzI1NiJ9.eyJ0b2tlbl90eXBlIjoicmVmcmVzaCIsImV4cCI6MTY2MDM4NTc1OCwiaWF0IjoxNjUyNjA5NzU4LCJqdGkiOiJlOWIzNDczYzg0OGE0ODJjYTQ2NDE2OGZkNzgxZjU2ZCIsInVzZXJfaWQiOjN9.OqsE4MgBszZio9JRy9iqZhrT7_A9bVUsmG6NVkFucYU", "created_at": null, "expires_at": "2022-08-13T10:15:58Z"}}, {"model": "token_blacklist.outstandingtoken", "pk": 122, "fields": {"user": null, "jti": "f39b616664e74293a5887dcccfd7b6f1", "token": "eyJ0eXAiOiJKV1QiLCJhbGciOiJIUzI1NiJ9.eyJ0b2tlbl90eXBlIjoicmVmcmVzaCIsImV4cCI6MTY2MDM4NjExMiwiaWF0IjoxNjUyNjEwMTEyLCJqdGkiOiJmMzliNjE2NjY0ZTc0MjkzYTU4ODdkY2NjZmQ3YjZmMSIsInVzZXJfaWQiOjN9.ht5TO-Evq0x6gQKqVj9GFPUpcUb3YmDZObIpIsKPx2Q", "created_at": null, "expires_at": "2022-08-13T10:21:52Z"}}, {"model": "token_blacklist.outstandingtoken", "pk": 123, "fields": {"user": null, "jti": "bfd229800ad7400c91f9bdd9f2d2bef5", "token": "eyJ0eXAiOiJKV1QiLCJhbGciOiJIUzI1NiJ9.eyJ0b2tlbl90eXBlIjoicmVmcmVzaCIsImV4cCI6MTY2MDM5MTA4NiwiaWF0IjoxNjUyNjE1MDg2LCJqdGkiOiJiZmQyMjk4MDBhZDc0MDBjOTFmOWJkZDlmMmQyYmVmNSIsInVzZXJfaWQiOjN9.cMMvczlaFCzIRLMwre8zJikVPN1VjB014VI3eZ7YSV8", "created_at": null, "expires_at": "2022-08-13T11:44:46Z"}}, {"model": "token_blacklist.outstandingtoken", "pk": 124, "fields": {"user": null, "jti": "99a3285a7a28455bbbbf8805c00d1eeb", "token": "eyJ0eXAiOiJKV1QiLCJhbGciOiJIUzI1NiJ9.eyJ0b2tlbl90eXBlIjoicmVmcmVzaCIsImV4cCI6MTY2MDM5MTM4NiwiaWF0IjoxNjUyNjE1Mzg2LCJqdGkiOiI5OWEzMjg1YTdhMjg0NTViYmJiZjg4MDVjMDBkMWVlYiIsInVzZXJfaWQiOjN9.BXB-vV79jkX6HnWGWE7YyitFnSINl0oX-FzcNg0AIGg", "created_at": null, "expires_at": "2022-08-13T11:49:46Z"}}, {"model": "token_blacklist.outstandingtoken", "pk": 125, "fields": {"user": null, "jti": "432ca65ff999458180625beb840c7804", "token": "eyJ0eXAiOiJKV1QiLCJhbGciOiJIUzI1NiJ9.eyJ0b2tlbl90eXBlIjoicmVmcmVzaCIsImV4cCI6MTY2MDM5MTY4NiwiaWF0IjoxNjUyNjE1Njg2LCJqdGkiOiI0MzJjYTY1ZmY5OTk0NTgxODA2MjViZWI4NDBjNzgwNCIsInVzZXJfaWQiOjN9.MPJ7jvpS1IHh3DyFlq5IZLzSllw_OKxciCWspI4YySs", "created_at": null, "expires_at": "2022-08-13T11:54:46Z"}}, {"model": "token_blacklist.outstandingtoken", "pk": 126, "fields": {"user": null, "jti": "73e8867a94dd4d7ba600aad70f43ca77", "token": "eyJ0eXAiOiJKV1QiLCJhbGciOiJIUzI1NiJ9.eyJ0b2tlbl90eXBlIjoicmVmcmVzaCIsImV4cCI6MTY2MDM5MjA3MywiaWF0IjoxNjUyNjE2MDczLCJqdGkiOiI3M2U4ODY3YTk0ZGQ0ZDdiYTYwMGFhZDcwZjQzY2E3NyIsInVzZXJfaWQiOjN9.pLzVx_bllr3mKtE_Hhz3sg4bWRuGu3_7rWL5RK2ivpI", "created_at": null, "expires_at": "2022-08-13T12:01:13Z"}}, {"model": "token_blacklist.outstandingtoken", "pk": 127, "fields": {"user": null, "jti": "04b867a12efa4219b066d6766a879cf7", "token": "eyJ0eXAiOiJKV1QiLCJhbGciOiJIUzI1NiJ9.eyJ0b2tlbl90eXBlIjoicmVmcmVzaCIsImV4cCI6MTY2MDM5MjM3MywiaWF0IjoxNjUyNjE2MzczLCJqdGkiOiIwNGI4NjdhMTJlZmE0MjE5YjA2NmQ2NzY2YTg3OWNmNyIsInVzZXJfaWQiOjN9.GYgsx_fMgHl8XRX9TtD243Zds2xWCU_iekkTb35XbMw", "created_at": null, "expires_at": "2022-08-13T12:06:13Z"}}, {"model": "token_blacklist.outstandingtoken", "pk": 128, "fields": {"user": null, "jti": "ab407388eda7473eb469338ac365ea8c", "token": "eyJ0eXAiOiJKV1QiLCJhbGciOiJIUzI1NiJ9.eyJ0b2tlbl90eXBlIjoicmVmcmVzaCIsImV4cCI6MTY2MDM5MjcwOSwiaWF0IjoxNjUyNjE2NzA5LCJqdGkiOiJhYjQwNzM4OGVkYTc0NzNlYjQ2OTMzOGFjMzY1ZWE4YyIsInVzZXJfaWQiOjN9.ftOgT2JqA5YE-QuSzOWYIdg_g5NQo1OkdQFY6C7UIbo", "created_at": null, "expires_at": "2022-08-13T12:11:49Z"}}, {"model": "token_blacklist.outstandingtoken", "pk": 129, "fields": {"user": null, "jti": "37b6b28099554aa0b513f1a23cb2b2e3", "token": "eyJ0eXAiOiJKV1QiLCJhbGciOiJIUzI1NiJ9.eyJ0b2tlbl90eXBlIjoicmVmcmVzaCIsImV4cCI6MTY2MDM5MzAwOSwiaWF0IjoxNjUyNjE3MDA5LCJqdGkiOiIzN2I2YjI4MDk5NTU0YWEwYjUxM2YxYTIzY2IyYjJlMyIsInVzZXJfaWQiOjN9.I8joRXJAPlHLzLg0goLhpcBLNdIsgHY8_FkgdP9QH6E", "created_at": null, "expires_at": "2022-08-13T12:16:49Z"}}, {"model": "token_blacklist.outstandingtoken", "pk": 130, "fields": {"user": null, "jti": "fe8abf0658694bb982bbbcffe4ffee7f", "token": "eyJ0eXAiOiJKV1QiLCJhbGciOiJIUzI1NiJ9.eyJ0b2tlbl90eXBlIjoicmVmcmVzaCIsImV4cCI6MTY2MDM5MzMwOSwiaWF0IjoxNjUyNjE3MzA5LCJqdGkiOiJmZThhYmYwNjU4Njk0YmI5ODJiYmJjZmZlNGZmZWU3ZiIsInVzZXJfaWQiOjN9.SYelB_Xsk3uyNOgAyZZBsCY-73_98ZGv9yhrRDA2gao", "created_at": null, "expires_at": "2022-08-13T12:21:49Z"}}, {"model": "token_blacklist.outstandingtoken", "pk": 131, "fields": {"user": null, "jti": "3648ad92e4a14a909d9b2da5f13ee76b", "token": "eyJ0eXAiOiJKV1QiLCJhbGciOiJIUzI1NiJ9.eyJ0b2tlbl90eXBlIjoicmVmcmVzaCIsImV4cCI6MTY2MDM5MzYwOSwiaWF0IjoxNjUyNjE3NjA5LCJqdGkiOiIzNjQ4YWQ5MmU0YTE0YTkwOWQ5YjJkYTVmMTNlZTc2YiIsInVzZXJfaWQiOjN9.aQPHPxPCbgMRprnTMB_VM6tD3lwfWsSVrdLgO2vDg8c", "created_at": null, "expires_at": "2022-08-13T12:26:49Z"}}, {"model": "token_blacklist.outstandingtoken", "pk": 132, "fields": {"user": null, "jti": "34db462757e04e1ab8667ce1204019b3", "token": "eyJ0eXAiOiJKV1QiLCJhbGciOiJIUzI1NiJ9.eyJ0b2tlbl90eXBlIjoicmVmcmVzaCIsImV4cCI6MTY2MDM5MzkwOSwiaWF0IjoxNjUyNjE3OTA5LCJqdGkiOiIzNGRiNDYyNzU3ZTA0ZTFhYjg2NjdjZTEyMDQwMTliMyIsInVzZXJfaWQiOjN9.nbmm4uqMGcI759Q-AHqfkSDX6t5q8YUPLhvf7-s8-2s", "created_at": null, "expires_at": "2022-08-13T12:31:49Z"}}, {"model": "token_blacklist.outstandingtoken", "pk": 133, "fields": {"user": null, "jti": "4a5929ad8aa24dbe851818b15efd041f", "token": "eyJ0eXAiOiJKV1QiLCJhbGciOiJIUzI1NiJ9.eyJ0b2tlbl90eXBlIjoicmVmcmVzaCIsImV4cCI6MTY2MDM5NDIwOSwiaWF0IjoxNjUyNjE4MjA5LCJqdGkiOiI0YTU5MjlhZDhhYTI0ZGJlODUxODE4YjE1ZWZkMDQxZiIsInVzZXJfaWQiOjN9.ulQyfzc-LA_IM_IH0Jc6YtgGvCpwagsrLEttHSPpCAs", "created_at": null, "expires_at": "2022-08-13T12:36:49Z"}}, {"model": "token_blacklist.outstandingtoken", "pk": 134, "fields": {"user": null, "jti": "cdba10dbb1314115a71672669a680f5d", "token": "eyJ0eXAiOiJKV1QiLCJhbGciOiJIUzI1NiJ9.eyJ0b2tlbl90eXBlIjoicmVmcmVzaCIsImV4cCI6MTY2MDM5NDUwOSwiaWF0IjoxNjUyNjE4NTA5LCJqdGkiOiJjZGJhMTBkYmIxMzE0MTE1YTcxNjcyNjY5YTY4MGY1ZCIsInVzZXJfaWQiOjN9.wFzzE51DiOo3aetcAIH8AECZNxMAbZDnd9W3DY6dQCY", "created_at": null, "expires_at": "2022-08-13T12:41:49Z"}}, {"model": "token_blacklist.outstandingtoken", "pk": 135, "fields": {"user": null, "jti": "be4ea93f9f9a48abb976981fce1d4917", "token": "eyJ0eXAiOiJKV1QiLCJhbGciOiJIUzI1NiJ9.eyJ0b2tlbl90eXBlIjoicmVmcmVzaCIsImV4cCI6MTY2MDM5NDgwOSwiaWF0IjoxNjUyNjE4ODA5LCJqdGkiOiJiZTRlYTkzZjlmOWE0OGFiYjk3Njk4MWZjZTFkNDkxNyIsInVzZXJfaWQiOjN9.wDt982MZErKeIlZ5-v7yRQZDtaWv9Js2SXTBQ7BOtIg", "created_at": null, "expires_at": "2022-08-13T12:46:49Z"}}, {"model": "token_blacklist.outstandingtoken", "pk": 136, "fields": {"user": null, "jti": "1141cb11791b4cf089f299d5a31675b9", "token": "eyJ0eXAiOiJKV1QiLCJhbGciOiJIUzI1NiJ9.eyJ0b2tlbl90eXBlIjoicmVmcmVzaCIsImV4cCI6MTY2MDM5NTEwOSwiaWF0IjoxNjUyNjE5MTA5LCJqdGkiOiIxMTQxY2IxMTc5MWI0Y2YwODlmMjk5ZDVhMzE2NzViOSIsInVzZXJfaWQiOjN9.1_QGtgxj5VvQKza2jUABhwNPBz5fXulMNixNfMRLi70", "created_at": null, "expires_at": "2022-08-13T12:51:49Z"}}, {"model": "token_blacklist.outstandingtoken", "pk": 137, "fields": {"user": null, "jti": "525a026f1dbc4fbab09e821505c7b5c9", "token": "eyJ0eXAiOiJKV1QiLCJhbGciOiJIUzI1NiJ9.eyJ0b2tlbl90eXBlIjoicmVmcmVzaCIsImV4cCI6MTY2MDM5NTQyMywiaWF0IjoxNjUyNjE5NDIzLCJqdGkiOiI1MjVhMDI2ZjFkYmM0ZmJhYjA5ZTgyMTUwNWM3YjVjOSIsInVzZXJfaWQiOjN9.1kYiKK16uWsiGPxvDaF0OXQ3Ei2P6gOtWWJ3eIQwOQ4", "created_at": null, "expires_at": "2022-08-13T12:57:03Z"}}, {"model": "token_blacklist.outstandingtoken", "pk": 138, "fields": {"user": null, "jti": "19efe7d8d05540a2bd83aa33cb05a82d", "token": "eyJ0eXAiOiJKV1QiLCJhbGciOiJIUzI1NiJ9.eyJ0b2tlbl90eXBlIjoicmVmcmVzaCIsImV4cCI6MTY2MDM5NjI0MCwiaWF0IjoxNjUyNjIwMjQwLCJqdGkiOiIxOWVmZTdkOGQwNTU0MGEyYmQ4M2FhMzNjYjA1YTgyZCIsInVzZXJfaWQiOjN9.CcZqEHHGl725qOp6UT8snev7qlojRcvnPCab1J-NKM8", "created_at": null, "expires_at": "2022-08-13T13:10:40Z"}}, {"model": "token_blacklist.outstandingtoken", "pk": 139, "fields": {"user": null, "jti": "ca994cc651fd48ef9a6c3491778978b7", "token": "eyJ0eXAiOiJKV1QiLCJhbGciOiJIUzI1NiJ9.eyJ0b2tlbl90eXBlIjoicmVmcmVzaCIsImV4cCI6MTY2MDM5NjYxMSwiaWF0IjoxNjUyNjIwNjExLCJqdGkiOiJjYTk5NGNjNjUxZmQ0OGVmOWE2YzM0OTE3Nzg5NzhiNyIsInVzZXJfaWQiOjN9.PXUd-A14Wt9qBzee8yyf-UFN97-BdHU8WFjvaZcVi2g", "created_at": null, "expires_at": "2022-08-13T13:16:51Z"}}, {"model": "token_blacklist.outstandingtoken", "pk": 140, "fields": {"user": null, "jti": "bc28559af35d45df9527e8e90528d654", "token": "eyJ0eXAiOiJKV1QiLCJhbGciOiJIUzI1NiJ9.eyJ0b2tlbl90eXBlIjoicmVmcmVzaCIsImV4cCI6MTY2MDM5NzM5NCwiaWF0IjoxNjUyNjIxMzk0LCJqdGkiOiJiYzI4NTU5YWYzNWQ0NWRmOTUyN2U4ZTkwNTI4ZDY1NCIsInVzZXJfaWQiOjN9.fRVLjc6yJJjQse2ayoUbJv2X1EopdHMZeEWh30TG24c", "created_at": null, "expires_at": "2022-08-13T13:29:54Z"}}, {"model": "token_blacklist.outstandingtoken", "pk": 141, "fields": {"user": null, "jti": "5794f68f3d754ec0954a228958ce41cf", "token": "eyJ0eXAiOiJKV1QiLCJhbGciOiJIUzI1NiJ9.eyJ0b2tlbl90eXBlIjoicmVmcmVzaCIsImV4cCI6MTY2MDM5ODEwNiwiaWF0IjoxNjUyNjIyMTA2LCJqdGkiOiI1Nzk0ZjY4ZjNkNzU0ZWMwOTU0YTIyODk1OGNlNDFjZiIsInVzZXJfaWQiOjN9.yflciw-dR560ARVrFNmze-3weg-J9GsKiUgdqnjFK0w", "created_at": null, "expires_at": "2022-08-13T13:41:46Z"}}, {"model": "token_blacklist.outstandingtoken", "pk": 142, "fields": {"user": null, "jti": "29097eab5d16488dbfd995a834c77deb", "token": "eyJ0eXAiOiJKV1QiLCJhbGciOiJIUzI1NiJ9.eyJ0b2tlbl90eXBlIjoicmVmcmVzaCIsImV4cCI6MTY2MDM5ODQyNSwiaWF0IjoxNjUyNjIyNDI1LCJqdGkiOiIyOTA5N2VhYjVkMTY0ODhkYmZkOTk1YTgzNGM3N2RlYiIsInVzZXJfaWQiOjN9.2dpp7mphXdCCvclA5sTnqjTXClMhsechviwoNjK6deA", "created_at": null, "expires_at": "2022-08-13T13:47:05Z"}}, {"model": "token_blacklist.outstandingtoken", "pk": 143, "fields": {"user": null, "jti": "2a72bbb14cf14d70a4f52b384598f970", "token": "eyJ0eXAiOiJKV1QiLCJhbGciOiJIUzI1NiJ9.eyJ0b2tlbl90eXBlIjoicmVmcmVzaCIsImV4cCI6MTY2MDM5OTIxOCwiaWF0IjoxNjUyNjIzMjE4LCJqdGkiOiIyYTcyYmJiMTRjZjE0ZDcwYTRmNTJiMzg0NTk4Zjk3MCIsInVzZXJfaWQiOjN9.MgY1URCehy0WpGjFPWA9Nm-wqcZjygoZG2bJqqN4Vdw", "created_at": null, "expires_at": "2022-08-13T14:00:18Z"}}, {"model": "token_blacklist.outstandingtoken", "pk": 144, "fields": {"user": null, "jti": "d19d27889b8d430d918f0d820f97c0ed", "token": "eyJ0eXAiOiJKV1QiLCJhbGciOiJIUzI1NiJ9.eyJ0b2tlbl90eXBlIjoicmVmcmVzaCIsImV4cCI6MTY2MDQwMzM5OCwiaWF0IjoxNjUyNjI3Mzk4LCJqdGkiOiJkMTlkMjc4ODliOGQ0MzBkOTE4ZjBkODIwZjk3YzBlZCIsInVzZXJfaWQiOjN9.18xHhvbp8r1P2YEWB9KKx-OuzIWqfnvuR5JUtKilT_o", "created_at": null, "expires_at": "2022-08-13T15:09:58Z"}}, {"model": "token_blacklist.outstandingtoken", "pk": 145, "fields": {"user": null, "jti": "b045202c7b984589a158d06e56ac8e36", "token": "eyJ0eXAiOiJKV1QiLCJhbGciOiJIUzI1NiJ9.eyJ0b2tlbl90eXBlIjoicmVmcmVzaCIsImV4cCI6MTY2MDQwMzcxMiwiaWF0IjoxNjUyNjI3NzEyLCJqdGkiOiJiMDQ1MjAyYzdiOTg0NTg5YTE1OGQwNmU1NmFjOGUzNiIsInVzZXJfaWQiOjN9.9zEEYUWpMklsMr9ZtTb4dNwOi3FCcuGxCUaFGK2E8ms", "created_at": null, "expires_at": "2022-08-13T15:15:12Z"}}, {"model": "token_blacklist.outstandingtoken", "pk": 146, "fields": {"user": 4, "jti": "2cd51432251a4950a5ea0e6adb5f9e3c", "token": "eyJ0eXAiOiJKV1QiLCJhbGciOiJIUzI1NiJ9.eyJ0b2tlbl90eXBlIjoicmVmcmVzaCIsImV4cCI6MTY2MDQwNDUzOCwiaWF0IjoxNjUyNjI4NTM4LCJqdGkiOiIyY2Q1MTQzMjI1MWE0OTUwYTVlYTBlNmFkYjVmOWUzYyIsInVzZXJfaWQiOjR9.OeeZs0z5ErtF8kIQBiH41uC56EEMqmcRouNGkOMKlGw", "created_at": "2022-05-15T15:28:58.093Z", "expires_at": "2022-08-13T15:28:58Z"}}, {"model": "token_blacklist.outstandingtoken", "pk": 147, "fields": {"user": 4, "jti": "0ea3849718c44017b122a3c7ee52a56f", "token": "eyJ0eXAiOiJKV1QiLCJhbGciOiJIUzI1NiJ9.eyJ0b2tlbl90eXBlIjoicmVmcmVzaCIsImV4cCI6MTY2MDQwNDU5MiwiaWF0IjoxNjUyNjI4NTkyLCJqdGkiOiIwZWEzODQ5NzE4YzQ0MDE3YjEyMmEzYzdlZTUyYTU2ZiIsInVzZXJfaWQiOjR9.vIL8ASa068s9XgX5mWPO0w5PTAuQ96VaN02Za3YCsso", "created_at": "2022-05-15T15:29:52.573Z", "expires_at": "2022-08-13T15:29:52Z"}}, {"model": "token_blacklist.outstandingtoken", "pk": 148, "fields": {"user": null, "jti": "40e09d51d95d4d7cb37a89feac782fdb", "token": "eyJ0eXAiOiJKV1QiLCJhbGciOiJIUzI1NiJ9.eyJ0b2tlbl90eXBlIjoicmVmcmVzaCIsImV4cCI6MTY2MDQwNDk0MiwiaWF0IjoxNjUyNjI4OTQyLCJqdGkiOiI0MGUwOWQ1MWQ5NWQ0ZDdjYjM3YTg5ZmVhYzc4MmZkYiIsInVzZXJfaWQiOjR9.ZSYh6qS8jfZLVg4wWi8-D63jr-FqjFoXtUZ9HpDGAh4", "created_at": null, "expires_at": "2022-08-13T15:35:42Z"}}, {"model": "token_blacklist.outstandingtoken", "pk": 149, "fields": {"user": 4, "jti": "450ef2f2b02e48999caa8815ab7f0465", "token": "eyJ0eXAiOiJKV1QiLCJhbGciOiJIUzI1NiJ9.eyJ0b2tlbl90eXBlIjoicmVmcmVzaCIsImV4cCI6MTY2MDQwNzA5OSwiaWF0IjoxNjUyNjMxMDk5LCJqdGkiOiI0NTBlZjJmMmIwMmU0ODk5OWNhYTg4MTVhYjdmMDQ2NSIsInVzZXJfaWQiOjR9.-xzxPK_Yjxzwm6AeaGd1OSW7R5k3p_r_V6Eh73YqMz0", "created_at": "2022-05-15T16:11:39.764Z", "expires_at": "2022-08-13T16:11:39Z"}}, {"model": "token_blacklist.outstandingtoken", "pk": 150, "fields": {"user": null, "jti": "1d169c787e5c4e0d8e5606cd7b03aa3a", "token": "eyJ0eXAiOiJKV1QiLCJhbGciOiJIUzI1NiJ9.eyJ0b2tlbl90eXBlIjoicmVmcmVzaCIsImV4cCI6MTY2MDQwNzU0MiwiaWF0IjoxNjUyNjMxNTQyLCJqdGkiOiIxZDE2OWM3ODdlNWM0ZTBkOGU1NjA2Y2Q3YjAzYWEzYSIsInVzZXJfaWQiOjR9.prRgt386H0Jk6GA8RIr9VCrYhvZ8FuwhsPkflQSfhpU", "created_at": null, "expires_at": "2022-08-13T16:19:02Z"}}, {"model": "token_blacklist.outstandingtoken", "pk": 151, "fields": {"user": null, "jti": "f4cc81a514e9476bb777496764ca2212", "token": "eyJ0eXAiOiJKV1QiLCJhbGciOiJIUzI1NiJ9.eyJ0b2tlbl90eXBlIjoicmVmcmVzaCIsImV4cCI6MTY2MDQwNzk0MiwiaWF0IjoxNjUyNjMxOTQyLCJqdGkiOiJmNGNjODFhNTE0ZTk0NzZiYjc3NzQ5Njc2NGNhMjIxMiIsInVzZXJfaWQiOjR9.4ERUi0SyxznPg1aR2TCU-D86hjEy7JZCWhGD605UjxY", "created_at": null, "expires_at": "2022-08-13T16:25:42Z"}}, {"model": "token_blacklist.outstandingtoken", "pk": 152, "fields": {"user": null, "jti": "542a9e0af4e34a1997932ebba2df51de", "token": "eyJ0eXAiOiJKV1QiLCJhbGciOiJIUzI1NiJ9.eyJ0b2tlbl90eXBlIjoicmVmcmVzaCIsImV4cCI6MTY2MDQwODMwMSwiaWF0IjoxNjUyNjMyMzAxLCJqdGkiOiI1NDJhOWUwYWY0ZTM0YTE5OTc5MzJlYmJhMmRmNTFkZSIsInVzZXJfaWQiOjR9.kagDo3RVBROsQmfRZ-j6vpnGf_Hihf4cKuPhasVsg_E", "created_at": null, "expires_at": "2022-08-13T16:31:41Z"}}, {"model": "token_blacklist.outstandingtoken", "pk": 153, "fields": {"user": null, "jti": "6293b4adad3845e4a59ad21ff2b28bce", "token": "eyJ0eXAiOiJKV1QiLCJhbGciOiJIUzI1NiJ9.eyJ0b2tlbl90eXBlIjoicmVmcmVzaCIsImV4cCI6MTY2MDQwODc5OSwiaWF0IjoxNjUyNjMyNzk5LCJqdGkiOiI2MjkzYjRhZGFkMzg0NWU0YTU5YWQyMWZmMmIyOGJjZSIsInVzZXJfaWQiOjR9.a46bZISL81pbkBj0EqHN6WBWCXezWQRZouVSScSr2es", "created_at": null, "expires_at": "2022-08-13T16:39:59Z"}}, {"model": "token_blacklist.outstandingtoken", "pk": 154, "fields": {"user": null, "jti": "152a627cce3045dd9b77379eccd6f696", "token": "eyJ0eXAiOiJKV1QiLCJhbGciOiJIUzI1NiJ9.eyJ0b2tlbl90eXBlIjoicmVmcmVzaCIsImV4cCI6MTY2MDQwOTM3NCwiaWF0IjoxNjUyNjMzMzc0LCJqdGkiOiIxNTJhNjI3Y2NlMzA0NWRkOWI3NzM3OWVjY2Q2ZjY5NiIsInVzZXJfaWQiOjR9.-QymTGh86s7g79ksWNez8Lrsd4QJgqtIp5Bv8EmjakU", "created_at": null, "expires_at": "2022-08-13T16:49:34Z"}}, {"model": "token_blacklist.outstandingtoken", "pk": 155, "fields": {"user": null, "jti": "afebfdfcb66e49daa126507ac27f6d13", "token": "eyJ0eXAiOiJKV1QiLCJhbGciOiJIUzI1NiJ9.eyJ0b2tlbl90eXBlIjoicmVmcmVzaCIsImV4cCI6MTY2MDQwOTY4MiwiaWF0IjoxNjUyNjMzNjgyLCJqdGkiOiJhZmViZmRmY2I2NmU0OWRhYTEyNjUwN2FjMjdmNmQxMyIsInVzZXJfaWQiOjR9.5oHczHnnTdpUPJ-siLBT1P1k0eyO0AGHOMNw6zwoiu4", "created_at": null, "expires_at": "2022-08-13T16:54:42Z"}}, {"model": "token_blacklist.outstandingtoken", "pk": 156, "fields": {"user": null, "jti": "c3aaee5a0e2441da8c341d249af2927a", "token": "eyJ0eXAiOiJKV1QiLCJhbGciOiJIUzI1NiJ9.eyJ0b2tlbl90eXBlIjoicmVmcmVzaCIsImV4cCI6MTY2MDQxMDAyMCwiaWF0IjoxNjUyNjM0MDIwLCJqdGkiOiJjM2FhZWU1YTBlMjQ0MWRhOGMzNDFkMjQ5YWYyOTI3YSIsInVzZXJfaWQiOjR9.tqlwqekwow7qwHi61JefUv9z_GeF2f24QnibZsW4LXg", "created_at": null, "expires_at": "2022-08-13T17:00:20Z"}}, {"model": "token_blacklist.outstandingtoken", "pk": 157, "fields": {"user": 4, "jti": "bdabba1fbf284981bf5921f46f3e148d", "token": "eyJ0eXAiOiJKV1QiLCJhbGciOiJIUzI1NiJ9.eyJ0b2tlbl90eXBlIjoicmVmcmVzaCIsImV4cCI6MTY2MDQxMjIxMiwiaWF0IjoxNjUyNjM2MjEyLCJqdGkiOiJiZGFiYmExZmJmMjg0OTgxYmY1OTIxZjQ2ZjNlMTQ4ZCIsInVzZXJfaWQiOjR9.ke9IVKK1lXRAYt1mEPDdyRcEj8zDjigkYem4Tn3gpso", "created_at": "2022-05-15T17:36:52.216Z", "expires_at": "2022-08-13T17:36:52Z"}}, {"model": "token_blacklist.outstandingtoken", "pk": 158, "fields": {"user": 4, "jti": "2f8e1df7223e478bbc9528e7c7810663", "token": "eyJ0eXAiOiJKV1QiLCJhbGciOiJIUzI1NiJ9.eyJ0b2tlbl90eXBlIjoicmVmcmVzaCIsImV4cCI6MTY2MDQxMjY3NiwiaWF0IjoxNjUyNjM2Njc2LCJqdGkiOiIyZjhlMWRmNzIyM2U0NzhiYmM5NTI4ZTdjNzgxMDY2MyIsInVzZXJfaWQiOjR9.x9UuYEEy31W6QflSyfJCkpexw9nT3hzJ9FB5fyn0KvA", "created_at": "2022-05-15T17:44:36.395Z", "expires_at": "2022-08-13T17:44:36Z"}}, {"model": "token_blacklist.outstandingtoken", "pk": 159, "fields": {"user": null, "jti": "42301ecc622f4d918bdf701d6fda5d3d", "token": "eyJ0eXAiOiJKV1QiLCJhbGciOiJIUzI1NiJ9.eyJ0b2tlbl90eXBlIjoicmVmcmVzaCIsImV4cCI6MTY2MDQxMzAwNywiaWF0IjoxNjUyNjM3MDA3LCJqdGkiOiI0MjMwMWVjYzYyMmY0ZDkxOGJkZjcwMWQ2ZmRhNWQzZCIsInVzZXJfaWQiOjR9.JA6tegVM3Gbf0z261ijJpr1L84dIcyW1bAXjNpn-z7k", "created_at": null, "expires_at": "2022-08-13T17:50:07Z"}}, {"model": "token_blacklist.outstandingtoken", "pk": 160, "fields": {"user": null, "jti": "2b58b48dd9ed4eee81282ff27c054bdc", "token": "eyJ0eXAiOiJKV1QiLCJhbGciOiJIUzI1NiJ9.eyJ0b2tlbl90eXBlIjoicmVmcmVzaCIsImV4cCI6MTY2MDQxMzM2MCwiaWF0IjoxNjUyNjM3MzYwLCJqdGkiOiIyYjU4YjQ4ZGQ5ZWQ0ZWVlODEyODJmZjI3YzA1NGJkYyIsInVzZXJfaWQiOjR9.zQft6Qp747l5xIvbaOKhx_90bsXNkGcFAYtBKXVXWsQ", "created_at": null, "expires_at": "2022-08-13T17:56:00Z"}}, {"model": "token_blacklist.outstandingtoken", "pk": 161, "fields": {"user": null, "jti": "3a7cb8703dcf4252b50dbbf4da4fcdeb", "token": "eyJ0eXAiOiJKV1QiLCJhbGciOiJIUzI1NiJ9.eyJ0b2tlbl90eXBlIjoicmVmcmVzaCIsImV4cCI6MTY2MDQxMzc3MiwiaWF0IjoxNjUyNjM3NzcyLCJqdGkiOiIzYTdjYjg3MDNkY2Y0MjUyYjUwZGJiZjRkYTRmY2RlYiIsInVzZXJfaWQiOjR9.y9Y688OWp4_KY05FrQruQT7-TAGJHK84SVm5vJ-pmvo", "created_at": null, "expires_at": "2022-08-13T18:02:52Z"}}, {"model": "token_blacklist.outstandingtoken", "pk": 162, "fields": {"user": 4, "jti": "618e6ac0b2664f18b78c770d4dc9329c", "token": "eyJ0eXAiOiJKV1QiLCJhbGciOiJIUzI1NiJ9.eyJ0b2tlbl90eXBlIjoicmVmcmVzaCIsImV4cCI6MTY2MDQ0MzQ3NCwiaWF0IjoxNjUyNjY3NDc0LCJqdGkiOiI2MThlNmFjMGIyNjY0ZjE4Yjc4Yzc3MGQ0ZGM5MzI5YyIsInVzZXJfaWQiOjR9.l93ZACTgZh9oz0Z3yYVCXXaQjfH3WIh3nFY7lETk1Tw", "created_at": "2022-05-16T02:17:54.770Z", "expires_at": "2022-08-14T02:17:54Z"}}, {"model": "token_blacklist.blacklistedtoken", "pk": 1, "fields": {"token": 4, "blacklisted_at": "2022-05-06T23:08:12.371Z"}}, {"model": "token_blacklist.blacklistedtoken", "pk": 2, "fields": {"token": 5, "blacklisted_at": "2022-05-06T23:17:36.663Z"}}, {"model": "token_blacklist.blacklistedtoken", "pk": 3, "fields": {"token": 6, "blacklisted_at": "2022-05-06T23:24:24.704Z"}}, {"model": "token_blacklist.blacklistedtoken", "pk": 4, "fields": {"token": 7, "blacklisted_at": "2022-05-06T23:29:29.114Z"}}, {"model": "token_blacklist.blacklistedtoken", "pk": 5, "fields": {"token": 8, "blacklisted_at": "2022-05-07T00:16:40.379Z"}}, {"model": "token_blacklist.blacklistedtoken", "pk": 6, "fields": {"token": 9, "blacklisted_at": "2022-05-07T00:46:17.657Z"}}, {"model": "token_blacklist.blacklistedtoken", "pk": 7, "fields": {"token": 10, "blacklisted_at": "2022-05-07T00:59:18.084Z"}}, {"model": "token_blacklist.blacklistedtoken", "pk": 8, "fields": {"token": 11, "blacklisted_at": "2022-05-07T01:05:49.737Z"}}, {"model": "token_blacklist.blacklistedtoken", "pk": 9, "fields": {"token": 12, "blacklisted_at": "2022-05-07T01:13:11.342Z"}}, {"model": "token_blacklist.blacklistedtoken", "pk": 10, "fields": {"token": 15, "blacklisted_at": "2022-05-07T01:35:02.774Z"}}, {"model": "token_blacklist.blacklistedtoken", "pk": 11, "fields": {"token": 17, "blacklisted_at": "2022-05-07T01:53:18.102Z"}}, {"model": "token_blacklist.blacklistedtoken", "pk": 12, "fields": {"token": 19, "blacklisted_at": "2022-05-07T01:59:02.712Z"}}, {"model": "token_blacklist.blacklistedtoken", "pk": 13, "fields": {"token": 26, "blacklisted_at": "2022-05-07T02:04:12.243Z"}}, {"model": "token_blacklist.blacklistedtoken", "pk": 14, "fields": {"token": 27, "blacklisted_at": "2022-05-07T02:13:54.507Z"}}, {"model": "token_blacklist.blacklistedtoken", "pk": 15, "fields": {"token": 34, "blacklisted_at": "2022-05-07T02:19:31.811Z"}}, {"model": "token_blacklist.blacklistedtoken", "pk": 16, "fields": {"token": 35, "blacklisted_at": "2022-05-07T02:27:52.717Z"}}, {"model": "token_blacklist.blacklistedtoken", "pk": 17, "fields": {"token": 36, "blacklisted_at": "2022-05-07T02:37:08.784Z"}}, {"model": "token_blacklist.blacklistedtoken", "pk": 18, "fields": {"token": 37, "blacklisted_at": "2022-05-07T02:38:26.484Z"}}, {"model": "token_blacklist.blacklistedtoken", "pk": 19, "fields": {"token": 38, "blacklisted_at": "2022-05-07T02:39:45.114Z"}}, {"model": "token_blacklist.blacklistedtoken", "pk": 20, "fields": {"token": 46, "blacklisted_at": "2022-05-07T02:46:52.615Z"}}, {"model": "token_blacklist.blacklistedtoken", "pk": 21, "fields": {"token": 49, "blacklisted_at": "2022-05-07T03:00:02.070Z"}}, {"model": "token_blacklist.blacklistedtoken", "pk": 22, "fields": {"token": 56, "blacklisted_at": "2022-05-07T03:07:36.264Z"}}, {"model": "token_blacklist.blacklistedtoken", "pk": 23, "fields": {"token": 58, "blacklisted_at": "2022-05-09T09:58:58.334Z"}}, {"model": "token_blacklist.blacklistedtoken", "pk": 25, "fields": {"token": 59, "blacklisted_at": "2022-05-09T10:04:49.788Z"}}, {"model": "token_blacklist.blacklistedtoken", "pk": 26, "fields": {"token": 60, "blacklisted_at": "2022-05-09T10:09:50.046Z"}}, {"model": "token_blacklist.blacklistedtoken", "pk": 28, "fields": {"token": 62, "blacklisted_at": "2022-05-09T10:32:26.958Z"}}, {"model": "token_blacklist.blacklistedtoken", "pk": 30, "fields": {"token": 64, "blacklisted_at": "2022-05-09T11:10:31.973Z"}}, {"model": "token_blacklist.blacklistedtoken", "pk": 31, "fields": {"token": 65, "blacklisted_at": "2022-05-09T11:16:05.926Z"}}, {"model": "token_blacklist.blacklistedtoken", "pk": 33, "fields": {"token": 66, "blacklisted_at": "2022-05-13T08:28:07.969Z"}}, {"model": "token_blacklist.blacklistedtoken", "pk": 34, "fields": {"token": 67, "blacklisted_at": "2022-05-13T08:33:35.680Z"}}, {"model": "token_blacklist.blacklistedtoken", "pk": 35, "fields": {"token": 68, "blacklisted_at": "2022-05-13T08:40:12.845Z"}}, {"model": "token_blacklist.blacklistedtoken", "pk": 36, "fields": {"token": 70, "blacklisted_at": "2022-05-13T08:50:46.869Z"}}, {"model": "token_blacklist.blacklistedtoken", "pk": 37, "fields": {"token": 71, "blacklisted_at": "2022-05-13T08:57:31.053Z"}}, {"model": "token_blacklist.blacklistedtoken", "pk": 38, "fields": {"token": 72, "blacklisted_at": "2022-05-13T09:06:15.868Z"}}, {"model": "token_blacklist.blacklistedtoken", "pk": 39, "fields": {"token": 73, "blacklisted_at": "2022-05-13T09:17:32.402Z"}}, {"model": "token_blacklist.blacklistedtoken", "pk": 40, "fields": {"token": 74, "blacklisted_at": "2022-05-13T09:27:13.657Z"}}, {"model": "token_blacklist.blacklistedtoken", "pk": 42, "fields": {"token": 76, "blacklisted_at": "2022-05-13T09:37:10.213Z"}}, {"model": "token_blacklist.blacklistedtoken", "pk": 43, "fields": {"token": 77, "blacklisted_at": "2022-05-13T09:42:55.525Z"}}, {"model": "token_blacklist.blacklistedtoken", "pk": 44, "fields": {"token": 78, "blacklisted_at": "2022-05-13T09:48:41.485Z"}}, {"model": "token_blacklist.blacklistedtoken", "pk": 45, "fields": {"token": 79, "blacklisted_at": "2022-05-13T09:54:42.942Z"}}, {"model": "token_blacklist.blacklistedtoken", "pk": 46, "fields": {"token": 80, "blacklisted_at": "2022-05-13T10:00:30.240Z"}}, {"model": "token_blacklist.blacklistedtoken", "pk": 47, "fields": {"token": 82, "blacklisted_at": "2022-05-13T10:05:38.476Z"}}, {"model": "token_blacklist.blacklistedtoken", "pk": 48, "fields": {"token": 83, "blacklisted_at": "2022-05-13T10:11:24.031Z"}}, {"model": "token_blacklist.blacklistedtoken", "pk": 49, "fields": {"token": 84, "blacklisted_at": "2022-05-13T10:20:14.864Z"}}, {"model": "token_blacklist.blacklistedtoken", "pk": 50, "fields": {"token": 85, "blacklisted_at": "2022-05-13T10:26:19.883Z"}}, {"model": "token_blacklist.blacklistedtoken", "pk": 51, "fields": {"token": 86, "blacklisted_at": "2022-05-13T10:31:43.937Z"}}, {"model": "token_blacklist.blacklistedtoken", "pk": 52, "fields": {"token": 87, "blacklisted_at": "2022-05-13T10:37:22.277Z"}}, {"model": "token_blacklist.blacklistedtoken", "pk": 53, "fields": {"token": 92, "blacklisted_at": "2022-05-13T10:51:02.899Z"}}, {"model": "token_blacklist.blacklistedtoken", "pk": 54, "fields": {"token": 94, "blacklisted_at": "2022-05-13T11:08:32.903Z"}}, {"model": "token_blacklist.blacklistedtoken", "pk": 55, "fields": {"token": 95, "blacklisted_at": "2022-05-13T11:13:59.936Z"}}, {"model": "token_blacklist.blacklistedtoken", "pk": 56, "fields": {"token": 96, "blacklisted_at": "2022-05-13T11:19:45.120Z"}}, {"model": "token_blacklist.blacklistedtoken", "pk": 57, "fields": {"token": 97, "blacklisted_at": "2022-05-13T11:25:55.257Z"}}, {"model": "token_blacklist.blacklistedtoken", "pk": 58, "fields": {"token": 99, "blacklisted_at": "2022-05-13T11:31:16.441Z"}}, {"model": "token_blacklist.blacklistedtoken", "pk": 59, "fields": {"token": 100, "blacklisted_at": "2022-05-13T11:38:39.113Z"}}, {"model": "token_blacklist.blacklistedtoken", "pk": 60, "fields": {"token": 101, "blacklisted_at": "2022-05-13T11:43:48.833Z"}}, {"model": "token_blacklist.blacklistedtoken", "pk": 61, "fields": {"token": 102, "blacklisted_at": "2022-05-14T00:21:24.356Z"}}, {"model": "token_blacklist.blacklistedtoken", "pk": 62, "fields": {"token": 104, "blacklisted_at": "2022-05-14T03:04:01.763Z"}}, {"model": "token_blacklist.blacklistedtoken", "pk": 64, "fields": {"token": 106, "blacklisted_at": "2022-05-14T03:11:30.366Z"}}, {"model": "token_blacklist.blacklistedtoken", "pk": 65, "fields": {"token": 107, "blacklisted_at": "2022-05-14T03:18:18.422Z"}}, {"model": "token_blacklist.blacklistedtoken", "pk": 66, "fields": {"token": 108, "blacklisted_at": "2022-05-14T03:43:24.496Z"}}, {"model": "token_blacklist.blacklistedtoken", "pk": 67, "fields": {"token": 109, "blacklisted_at": "2022-05-14T03:52:28.422Z"}}, {"model": "token_blacklist.blacklistedtoken", "pk": 68, "fields": {"token": 110, "blacklisted_at": "2022-05-14T03:58:33.374Z"}}, {"model": "token_blacklist.blacklistedtoken", "pk": 69, "fields": {"token": 111, "blacklisted_at": "2022-05-14T04:04:24.534Z"}}, {"model": "token_blacklist.blacklistedtoken", "pk": 70, "fields": {"token": 112, "blacklisted_at": "2022-05-15T07:12:18.579Z"}}, {"model": "token_blacklist.blacklistedtoken", "pk": 72, "fields": {"token": 113, "blacklisted_at": "2022-05-15T07:28:46.544Z"}}, {"model": "token_blacklist.blacklistedtoken", "pk": 73, "fields": {"token": 114, "blacklisted_at": "2022-05-15T07:39:06.425Z"}}, {"model": "token_blacklist.blacklistedtoken", "pk": 74, "fields": {"token": 115, "blacklisted_at": "2022-05-15T07:56:26.390Z"}}, {"model": "token_blacklist.blacklistedtoken", "pk": 75, "fields": {"token": 116, "blacklisted_at": "2022-05-15T08:04:11.190Z"}}, {"model": "token_blacklist.blacklistedtoken", "pk": 76, "fields": {"token": 117, "blacklisted_at": "2022-05-15T08:45:11.440Z"}}, {"model": "token_blacklist.blacklistedtoken", "pk": 77, "fields": {"token": 118, "blacklisted_at": "2022-05-15T10:10:38.603Z"}}, {"model": "token_blacklist.blacklistedtoken", "pk": 78, "fields": {"token": 120, "blacklisted_at": "2022-05-15T10:15:58.333Z"}}, {"model": "token_blacklist.blacklistedtoken", "pk": 79, "fields": {"token": 121, "blacklisted_at": "2022-05-15T10:21:52.462Z"}}, {"model": "token_blacklist.blacklistedtoken", "pk": 80, "fields": {"token": 122, "blacklisted_at": "2022-05-15T11:44:46.090Z"}}, {"model": "token_blacklist.blacklistedtoken", "pk": 81, "fields": {"token": 123, "blacklisted_at": "2022-05-15T11:49:46.122Z"}}, {"model": "token_blacklist.blacklistedtoken", "pk": 82, "fields": {"token": 124, "blacklisted_at": "2022-05-15T11:54:46.673Z"}}, {"model": "token_blacklist.blacklistedtoken", "pk": 83, "fields": {"token": 125, "blacklisted_at": "2022-05-15T12:01:13.829Z"}}, {"model": "token_blacklist.blacklistedtoken", "pk": 84, "fields": {"token": 126, "blacklisted_at": "2022-05-15T12:06:13.057Z"}}, {"model": "token_blacklist.blacklistedtoken", "pk": 85, "fields": {"token": 127, "blacklisted_at": "2022-05-15T12:11:49.943Z"}}, {"model": "token_blacklist.blacklistedtoken", "pk": 86, "fields": {"token": 128, "blacklisted_at": "2022-05-15T12:16:49.838Z"}}, {"model": "token_blacklist.blacklistedtoken", "pk": 87, "fields": {"token": 129, "blacklisted_at": "2022-05-15T12:21:49.116Z"}}, {"model": "token_blacklist.blacklistedtoken", "pk": 88, "fields": {"token": 130, "blacklisted_at": "2022-05-15T12:26:49.070Z"}}, {"model": "token_blacklist.blacklistedtoken", "pk": 89, "fields": {"token": 131, "blacklisted_at": "2022-05-15T12:31:49.064Z"}}, {"model": "token_blacklist.blacklistedtoken", "pk": 90, "fields": {"token": 132, "blacklisted_at": "2022-05-15T12:36:49.068Z"}}, {"model": "token_blacklist.blacklistedtoken", "pk": 91, "fields": {"token": 133, "blacklisted_at": "2022-05-15T12:41:49.068Z"}}, {"model": "token_blacklist.blacklistedtoken", "pk": 92, "fields": {"token": 134, "blacklisted_at": "2022-05-15T12:46:49.071Z"}}, {"model": "token_blacklist.blacklistedtoken", "pk": 93, "fields": {"token": 135, "blacklisted_at": "2022-05-15T12:51:49.154Z"}}, {"model": "token_blacklist.blacklistedtoken", "pk": 94, "fields": {"token": 136, "blacklisted_at": "2022-05-15T12:57:03.794Z"}}, {"model": "token_blacklist.blacklistedtoken", "pk": 95, "fields": {"token": 137, "blacklisted_at": "2022-05-15T13:10:40.367Z"}}, {"model": "token_blacklist.blacklistedtoken", "pk": 96, "fields": {"token": 138, "blacklisted_at": "2022-05-15T13:16:51.728Z"}}, {"model": "token_blacklist.blacklistedtoken", "pk": 97, "fields": {"token": 139, "blacklisted_at": "2022-05-15T13:29:54.556Z"}}, {"model": "token_blacklist.blacklistedtoken", "pk": 98, "fields": {"token": 140, "blacklisted_at": "2022-05-15T13:41:46.812Z"}}, {"model": "token_blacklist.blacklistedtoken", "pk": 99, "fields": {"token": 141, "blacklisted_at": "2022-05-15T13:47:05.841Z"}}, {"model": "token_blacklist.blacklistedtoken", "pk": 100, "fields": {"token": 142, "blacklisted_at": "2022-05-15T14:00:18.134Z"}}, {"model": "token_blacklist.blacklistedtoken", "pk": 101, "fields": {"token": 143, "blacklisted_at": "2022-05-15T15:09:59.178Z"}}, {"model": "token_blacklist.blacklistedtoken", "pk": 102, "fields": {"token": 144, "blacklisted_at": "2022-05-15T15:15:12.204Z"}}, {"model": "token_blacklist.blacklistedtoken", "pk": 103, "fields": {"token": 145, "blacklisted_at": "2022-05-15T15:20:30.675Z"}}, {"model": "token_blacklist.blacklistedtoken", "pk": 104, "fields": {"token": 147, "blacklisted_at": "2022-05-15T15:35:42.741Z"}}, {"model": "token_blacklist.blacklistedtoken", "pk": 105, "fields": {"token": 148, "blacklisted_at": "2022-05-15T15:55:52.549Z"}}, {"model": "token_blacklist.blacklistedtoken", "pk": 106, "fields": {"token": 149, "blacklisted_at": "2022-05-15T16:19:02.817Z"}}, {"model": "token_blacklist.blacklistedtoken", "pk": 107, "fields": {"token": 150, "blacklisted_at": "2022-05-15T16:25:42.524Z"}}, {"model": "token_blacklist.blacklistedtoken", "pk": 108, "fields": {"token": 151, "blacklisted_at": "2022-05-15T16:31:41.964Z"}}, {"model": "token_blacklist.blacklistedtoken", "pk": 109, "fields": {"token": 152, "blacklisted_at": "2022-05-15T16:39:59.104Z"}}, {"model": "token_blacklist.blacklistedtoken", "pk": 110, "fields": {"token": 153, "blacklisted_at": "2022-05-15T16:49:34.345Z"}}, {"model": "token_blacklist.blacklistedtoken", "pk": 111, "fields": {"token": 154, "blacklisted_at": "2022-05-15T16:54:42.441Z"}}, {"model": "token_blacklist.blacklistedtoken", "pk": 112, "fields": {"token": 155, "blacklisted_at": "2022-05-15T17:00:20.673Z"}}, {"model": "token_blacklist.blacklistedtoken", "pk": 113, "fields": {"token": 156, "blacklisted_at": "2022-05-15T17:18:29.597Z"}}, {"model": "token_blacklist.blacklistedtoken", "pk": 114, "fields": {"token": 158, "blacklisted_at": "2022-05-15T17:50:07.906Z"}}, {"model": "token_blacklist.blacklistedtoken", "pk": 115, "fields": {"token": 159, "blacklisted_at": "2022-05-15T17:56:00.209Z"}}, {"model": "token_blacklist.blacklistedtoken", "pk": 116, "fields": {"token": 160, "blacklisted_at": "2022-05-15T18:02:52.577Z"}}, {"model": "token_blacklist.blacklistedtoken", "pk": 117, "fields": {"token": 161, "blacklisted_at": "2022-05-15T18:11:32.996Z"}}, {"model": "token_blacklist.blacklistedtoken", "pk": 118, "fields": {"token": 162, "blacklisted_at": "2022-05-16T02:25:13.633Z"}}, {"model": "tags.tag", "pk": 4, "fields": {"name": "Tech", "created_at": "2022-05-15T16:24:06.283Z", "updated_at": "2022-05-15T16:24:06.283Z"}}, {"model": "tags.tag", "pk": 5, "fields": {"name": "art", "created_at": "2022-05-15T17:42:20.626Z", "updated_at": "2022-05-15T17:42:20.626Z"}}, {"model": "tags.tag", "pk": 6, "fields": {"name": "comics", "created_at": "2022-05-15T17:42:26.903Z", "updated_at": "2022-05-15T17:42:26.904Z"}}, {"model": "tags.tag", "pk": 7, "fields": {"name": "animations", "created_at": "2022-05-15T17:42:31.919Z", "updated_at": "2022-05-15T17:42:31.919Z"}}, {"model": "tags.tag", "pk": 8, "fields": {"name": "cinema", "created_at": "2022-05-15T17:42:58.067Z", "updated_at": "2022-05-15T17:42:58.067Z"}}, {"model": "tags.tag", "pk": 9, "fields": {"name": "music", "created_at": "2022-05-15T17:43:06.246Z", "updated_at": "2022-05-15T17:43:06.246Z"}}, {"model": "tags.tag", "pk": 10, "fields": {"name": "computer", "created_at": "2022-05-15T17:43:25.331Z", "updated_at": "2022-05-15T17:43:25.331Z"}}, {"model": "tags.tag", "pk": 11, "fields": {"name": "programming", "created_at": "2022-05-15T17:43:30.686Z", "updated_at": "2022-05-15T17:43:30.686Z"}}, {"model": "tags.tag", "pk": 12, "fields": {"name": "website", "created_at": "2022-05-15T17:44:04.714Z", "updated_at": "2022-05-15T17:44:04.714Z"}}, {"model": "tags.tag", "pk": 13, "fields": {"name": "company", "created_at": "2022-05-15T17:44:11.381Z", "updated_at": "2022-05-15T17:44:11.381Z"}}, {"model": "tags.tag", "pk": 14, "fields": {"name": "startup", "created_at": "2022-05-15T17:44:15.239Z", "updated_at": "2022-05-15T17:44:15.239Z"}}, {"model": "tags.tag", "pk": 15, "fields": {"name": "games", "created_at": "2022-05-15T17:44:21.292Z", "updated_at": "2022-05-15T17:44:21.292Z"}}, {"model": "users.user", "pk": 2, "fields": {"password": "pbkdf2_sha256$320000$fbukzNS1W5GdCmU5VNYXRi$1tbU2qYYVDy57xEVP+pmQMPnPKAK4GzU1wkLcOUe6V0=", "is_superuser": false, "email": "ashraf6450@gmail.com", "first_name": "Ashraf", "last_name": "Eldawody", "phone_number": "01550518752", "profile_picture": "d56a9983194b6c3ef0e0bd611d07454e.jpg", "created_at": "2022-05-07T00:06:12.856Z", "last_login": "2022-05-13T09:41:04.540Z", "is_active": true, "is_admin": true, "birth_date": null, "facebook_link": null, "country": null, "groups": [], "user_permissions": []}}, {"model": "users.user", "pk": 4, "fields": {"password": "pbkdf2_sha256$320000$R1GKXo6w1n3XBG64DArCkK$1G+2aIyHrrMVljcBHffabrdnkNozPMErsc9dyZttXR4=", "is_superuser": false, "email": "pes196450@gmail.com", "first_name": "Ashraf", "last_name": "Eldawody", "phone_number": "01550518752", "profile_picture": "users/static/images/d56a9983194b6c3ef0e0bd611d07454e.jpg", "created_at": "2022-05-15T15:25:00.490Z", "last_login": "2022-05-15T17:44:52.357Z", "is_active": true, "is_admin": false, "birth_date": "1998-01-01", "facebook_link": "http://localhost:3000/profile/settings", "country": "Egypt", "groups": [], "user_permissions": []}}, {"model": "categories.category", "pk": 2, "fields": {"name": "Art", "image": "categories/static/images/art.png"}}, {"model": "categories.category", "pk": 3, "fields": {"name": "Music", "image": "categories/static/images/music.png"}}, {"model": "categories.category", "pk": 4, "fields": {"name": "Film", "image": "categories/static/images/film.png"}}, {"model": "categories.category", "pk": 5, "fields": {"name": "Games", "image": "categories/static/images/games.png"}}, {"model": "categories.category", "pk": 6, "fields": {"name": "Comics & Animation", "image": "categories/static/images/comics.png"}}, {"model": "projects.project", "pk": 4, "fields": {"title": "The Mushroom Hunter's Tarot", "details": "The Mushroom Hunters Tarot is a 78-card mushroom-themed tarot deck, each card represented by its own unique mushroom. Ever since moving up to the Pacific Northwest several years ago, Ive become fascinated by the world of mushrooms. Theyre full of such magic and wonder and the more I learn about them the more I realize that each mushroom has its own story to tell, its own purpose in our world. And what better way to tell their stories than through the art of tarot?", "total_target": 18999, "start_date": "2022-05-15", "end_date": "2022-05-28", "is_featured": false, "category": 2, "owner": 4, "tags": []}}, {"model": "projects.project", "pk": 8, "fields": {"title": "Move Reclining Liberty to Jersey City!", "details": "You might have seen Reclining Liberty in Morningside Park this past yearor in the New York Times, Gothamist, Time Out New York; American, Russian, and Japanese television; and in your social media feed with your friends dogs (or cats). This popular sculpture by Zaq Landsberg, a 25-foot-long mashup of the Statue of Liberty and reclining Buddha statues of Asia, has completed its stay in Harlem and now has the chance to be installed at Liberty State Park in Jersey City, NJ for one year.", "total_target": 1000000, "start_date": "2022-05-15", "end_date": "2022-05-31", "is_featured": false, "category": 2, "owner": 4, "tags": []}}, {"model": "projects.project", "pk": 9, "fields": {"title": "Kirby Hard Enamel Pins & Stationary", "details": "This is my first Kickstarter project! And I'm very excited and nervous at how this campaign will do, but I have taken a lot of time to design the pins and other rewards/items that are available! I absolutely love Kirby so, I thought it was only fitting that my first campaign be Kirby themed! I hope you like not only the pin designs but the other items offered as well! I have wanted to create/offer pins since opening my Etsy shop but I have been held back by the cost of production (pin production is not cheap!). Hence why I am here!", "total_target": 25000, "start_date": "2022-05-15", "end_date": "2022-05-31", "is_featured": false, "category": 2, "owner": 4, "tags": []}}, {"model": "projects.project", "pk": 10, "fields": {"title": "Robert Weiss: In Preparation for the Museum", "details": "My name is Robert Weiss. I am a teacher, filmmaker, and painter living in Dallas, Texas. I have painted since I was a student at Booker T. Washington High School for the Performing and Visual Arts, with further studies at the Maryland Institute College of Art and Syracuse University, where I received my Masters in Painting. I currently teach film and painting at the Episcopal School of Dallas, and spend evenings and weekends painting in my studio. Lately, I have been working overtime in the studio to prepare for an exciting opportunity.", "total_target": 12000, "start_date": "2022-05-15", "end_date": "2022-05-25", "is_featured": false, "category": 2, "owner": 4, "tags": []}}, {"model": "projects.project", "pk": 11, "fields": {"title": "King of the Kongo (1929): Restored Complete 35mm Serial", "details": "The King of the Kongo is a 1929 cliffhanger serial, designed to be seen in a theater-- one episode every week. This was the very first sound serial. In those days, the sound was not recorded on film in the way it would have been just a couple of years later. It was recorded on shellac discs and carefully shipped to theaters.", "total_target": 50000, "start_date": "2022-05-15", "end_date": "2022-05-26", "is_featured": false, "category": 4, "owner": 4, "tags": []}}, {"model": "projects.image", "pk": 9, "fields": {"project": 4, "caption": "", "image": "projects/static/images/6eba106d7040c063ff70a746dc74eb17_original.jpg"}}, {"model": "projects.image", "pk": 10, "fields": {"project": 4, "caption": "", "image": "projects/static/images/1ad7c36bc2292d9e60efc789897382cd_original.jpg"}}, {"model": "projects.image", "pk": 11, "fields": {"project": 4, "caption": "", "image": "projects/static/images/8a0b533e204960b113846efb8ad2b80d_original.jpg"}}, {"model": "projects.image", "pk": 12, "fields": {"project": 4, "caption": "", "image": "projects/static/images/d34788b1029ddc99d09dcde1f715f34b_original.jpeg"}}, {"model": "projects.image", "pk": 21, "fields": {"project": 8, "caption": "", "image": "projects/static/images/736a5b89c1d1172b4080b99c03892dc0_original_bFv48Iz.jpg"}}, {"model": "projects.image", "pk": 22, "fields": {"project": 8, "caption": "", "image": "projects/static/images/cf7303b207ec88700949d7256c5f19c8_original_lnPEzRR.jpg"}}, {"model": "projects.image", "pk": 23, "fields": {"project": 8, "caption": "", "image": "projects/static/images/3faac87cbed2492060feaf7e0041bb60_original_O1UUEuG.jpg"}}, {"model": "projects.image", "pk": 24, "fields": {"project": 9, "caption": "", "image": "projects/static/images/03e9cab2f5967bfcdd643acbd765f0cf_original.png"}}, {"model": "projects.image", "pk": 25, "fields": {"project": 9, "caption": "", "image": "projects/static/images/d319537484329083484e9172c7885536_original.png"}}, {"model": "projects.image", "pk": 26, "fields": {"project": 9, "caption": "", "image": "projects/static/images/4c1643bf5a9a2285cac7b9ff827b66aa_original.png"}}, {"model": "projects.image", "pk": 27, "fields": {"project": 9, "caption": "", "image": "projects/static/images/6d73efa78e090930a62251a5091d801d_original.png"}}, {"model": "projects.image", "pk": 28, "fields": {"project": 9, "caption": "", "image": "projects/static/images/9d5a5b6ceb4b6d2a5497b14f4443aa99_original.png"}}, {"model": "projects.image", "pk": 29, "fields": {"project": 9, "caption": "", "image": "projects/static/images/5cdde3903421e81f888aac8169edd4bc_original.png"}}, {"model": "projects.image", "pk": 30, "fields": {"project": 10, "caption": "", "image": "projects/static/images/2.jpg"}}, {"model": "projects.image", "pk": 31, "fields": {"project": 10, "caption": "", "image": "projects/static/images/1.jpg"}}, {"model": "projects.image", "pk": 32, "fields": {"project": 11, "caption": "", "image": "projects/static/images/9681718cf11e3c71dcc12c2ec33a1ea3_original.jpg"}}, {"model": "projects.image", "pk": 33, "fields": {"project": 11, "caption": "", "image": "projects/static/images/d45775dd5161dea646af310f4b78ab9e_original.jpg"}}, {"model": "comments.comment", "pk": 43, "fields": {"project": 4, "content": "nice project", "created_at": "2022-05-15T17:46:47.312Z", "updated_at": "2022-05-15T17:46:47.312Z", "owner": 4}}]